claim_id,bangla_claim,gold_evidence_ids,bge_hit@10,labse_hit@10,bge_top10,labse_top10
C0005,নবী মুহাম্মদ (সা.) সূর্য অস্ত যাওয়ার সাথে সাথে মাগরিবের নামাজ আদায় করতেন।,"['muslim_1440', 'muslim_1430', 'muslim_1926', 'muslim_1921', 'bukhari_641']",False,True,"['bukhari_561', 'bukhari_5785', 'muslim_636', 'bukhari_560', 'bukhari_1059', 'bukhari_1629', 'muslim_909', 'muslim_825', 'bukhari_1063', 'bukhari_1051']","['bukhari_2000', 'bukhari_845', 'bukhari_1000', 'bukhari_641', 'bukhari_565', 'bukhari_904', 'bukhari_1799', 'muslim_636', 'bukhari_560', 'bukhari_941']"
C0010,"রাসূলুল্লাহ বলেছেন, তিনি সুলায়মান ইবনে বিলালের মাধ্যমে ইয়াহিয়ার মতোই কথা উল্লেখ করেছেন।","['muslim_4124', 'muslim_3889', 'muslim_3759', 'muslim_5887', 'muslim_4501']",True,False,"['muslim_1735', 'bukhari_3375', 'muslim_6302', 'bukhari_3535', 'muslim_1841', 'muslim_2566', 'muslim_2562', 'bukhari_3735', 'muslim_6825', 'muslim_4124']","['muslim_812', 'bukhari_6153', 'bukhari_1836', 'bukhari_1105', 'muslim_6900', 'muslim_1943', 'bukhari_4134', 'bukhari_6168', 'bukhari_3740', 'bukhari_3741']"
C0013,"আমি রাসূলকে জিজ্ঞাসা করেছিলাম যে, ইবনে জুদ'আন জাহেলিয়াতের সময় আত্মীয়তার সম্পর্ক বজায় রাখতেন এবং অভাবীদের খাবার দিতেন। রাসূল বললেন, এটা তাকে কোনো উপকার করবে না, কারণ তিনি কখনো বলেননি, ""হে আমার প্রভু, কিয়ামতের দিনে আমার পাপ ক্ষমা করো।""","['muslim_518', 'muslim_3079', 'muslim_5707', 'muslim_6901', 'muslim_2714']",False,True,"['muslim_214', 'bukhari_7376', 'muslim_1973', 'bukhari_953', 'bukhari_5386', 'bukhari_675', 'bukhari_2576', 'bukhari_4837', 'bukhari_702', 'bukhari_4836']","['bukhari_4913', 'bukhari_6706', 'muslim_518', 'bukhari_5249', 'muslim_3692', 'muslim_214', 'bukhari_7152', 'muslim_6835', 'bukhari_2244', 'bukhari_1980']"
C0026,"রাসূলুল্লাহ (সা.) বলেছেন, কিয়ামত আসবে না যতক্ষণ না পৃথিবীতে আল্লাহর নাম বলা বন্ধ হয়ে যাবে।","['muslim_375', 'muslim_7410', 'muslim_7257', 'muslim_376', 'muslim_4958']",False,True,"['bukhari_3608', 'bukhari_4635', 'bukhari_6935', 'muslim_7278', 'bukhari_2476', 'bukhari_6056', 'bukhari_7118', 'bukhari_6661', 'bukhari_7446', 'bukhari_3590']","['bukhari_1907', 'muslim_375', 'bukhari_601', 'bukhari_2817', 'bukhari_1906', 'bukhari_116', 'bukhari_564', 'bukhari_7115', 'bukhari_1593', 'bukhari_953']"
C0033,"নবীজি বলেছেন, সব মদই হারাম এবং যে ব্যক্তি এই দুনিয়ায় মদ পান করে এবং মৃত্যুর আগে তা ছাড়ে না, সে আখিরাতে তা পান করবে না।","['muslim_5218', 'muslim_5219', 'muslim_5221', 'muslim_5224', 'muslim_5222']",False,True,"['bukhari_5575', 'bukhari_242', 'bukhari_5628', 'bukhari_5585', 'bukhari_5832', 'bukhari_4497', 'bukhari_5601', 'bukhari_5587', 'bukhari_5506', 'bukhari_1365']","['bukhari_5575', 'bukhari_239', 'muslim_5218', 'muslim_1982', 'muslim_5222', 'muslim_6772', 'bukhari_5633', 'muslim_5207', 'bukhari_853', 'muslim_656']"
C0038,"কুফার লোকেরা এই আয়াত নিয়ে বিতর্ক করেছিল। আমি ইবন আব্বাসের কাছে গিয়েছিলাম এবং তিনি বললেন, এটি শেষ সময়ে অবতীর্ণ হয়েছে এবং এর কোনো পরিবর্তন হয়নি।","['muslim_7541', 'bukhari_4590', 'muslim_7543', 'muslim_7545', 'bukhari_4766']",False,True,"['bukhari_724', 'bukhari_4763', 'bukhari_5005', 'muslim_3204', 'muslim_453', 'muslim_2950', 'muslim_7265', 'muslim_4912', 'muslim_2399', 'muslim_4226']","['bukhari_4590', 'bukhari_4763', 'muslim_7478', 'muslim_3147', 'bukhari_4544', 'muslim_3834', 'muslim_4845', 'bukhari_5036', 'muslim_3135', 'muslim_6400']"
C0065,"আমি শুনেছি, নবী (সা.) আবদুল্লাহ বিন হুদাফা বিন কিস বিন আদীকে একটি বিশেষ মিশনে পাঠিয়েছিলেন। তিনি আমাদেরকে আল্লাহ ও তাঁর রাসূলের নির্দেশ পালন করতে বলেছেন।","['muslim_4746', 'bukhari_4584', 'muslim_3410', 'muslim_314', 'muslim_7219']",True,False,"['bukhari_7156', 'bukhari_4584', 'bukhari_2157', 'bukhari_3112', 'bukhari_2715', 'bukhari_221', 'bukhari_7144', 'bukhari_1678', 'bukhari_57', 'bukhari_6654']","['muslim_1133', 'bukhari_1570', 'bukhari_7033', 'muslim_3393', 'muslim_519', 'bukhari_3345', 'muslim_2613', 'bukhari_5980', 'muslim_6387', 'bukhari_2243']"
C0073,"একজন ব্যক্তি রাসূলুল্লাহ (সা.)-এর কাছে এসে বললেন, তিনি খুব ক্লান্ত। রাসূল (সা.) তাঁর স্ত্রীদের কাছে খাবারের জন্য পাঠালেন, কিন্তু সবাই বললেন, তাদের কাছে শুধু পানি আছে। তখন একজন আনসারী বললেন, তিনি অতিথিকে রাতের খাবার দেবেন এবং তাঁর স্ত্রীকে বললেন, শিশুদের খাবার দিয়ে অতিথিকে দেখাতে হবে যেন মনে হয় তারা খাচ্ছে। পরদিন রাসূল (সা.) বললেন, আল্লাহ তাদের এই অতিথিপরায়ণতা দেখে বিস্মিত হয়েছেন।","['muslim_5359', 'bukhari_4889', 'muslim_5362', 'muslim_885', 'muslim_4622']",False,True,"['bukhari_6080', 'bukhari_670', 'bukhari_1179', 'muslim_2569', 'muslim_1727', 'bukhari_380', 'bukhari_2456', 'bukhari_5616', 'bukhari_2081', 'bukhari_860']","['bukhari_4889', 'bukhari_5613', 'bukhari_2081', 'bukhari_5461', 'bukhari_1179', 'bukhari_1915', 'bukhari_2466', 'bukhari_5621', 'bukhari_6822', 'bukhari_6009']"
C0086,"আমি শুনেছি, নবী মুহাম্মদ (সা.) একটি চামড়ার তাঁবুর মধ্যে ছিলেন এবং সেখানে কিছু কথা বলেছিলেন।","['muslim_2301', 'muslim_2025', 'muslim_4742', 'muslim_1119', 'bukhari_5860']",True,False,"['bukhari_5860', 'bukhari_1841', 'bukhari_204', 'bukhari_5839', 'bukhari_3802', 'bukhari_429', 'bukhari_6214', 'bukhari_2865', 'bukhari_405', 'bukhari_2921']","['muslim_4758', 'muslim_5188', 'muslim_3995', 'muslim_5400', 'muslim_4406', 'bukhari_6034', 'bukhari_2471', 'bukhari_4842', 'bukhari_1223', 'bukhari_765']"
C0092,"আমি শুনেছি, রাসূলুল্লাহ (সা.) বলেছেন যে, এক ব্যক্তি যিনি ইসলাম দাবি করেন, তিনি জাহান্নামের লোক। যুদ্ধের সময় সেই ব্যক্তি অত্যন্ত সাহসিকতার সাথে লড়াই করেন এবং গুরুতর আহত হন। কিন্তু পরে তিনি আত্মহত্যা করেন, এবং রাসূল (সা.) বলেন, ""আল্লাহ এই ধর্মকে মন্দ লোকের মাধ্যমে সাহায্য করেন।""","['bukhari_6606', 'muslim_305', 'bukhari_4203', 'muslim_306', 'bukhari_3062']",False,True,"['bukhari_1365', 'bukhari_6652', 'bukhari_123', 'bukhari_2808', 'bukhari_2829', 'bukhari_5733', 'bukhari_2803', 'bukhari_3126', 'muslim_7253', 'bukhari_2787']","['bukhari_4203', 'bukhari_6048', 'muslim_111', 'bukhari_6875', 'bukhari_3593', 'bukhari_2808', 'bukhari_2787', 'muslim_305', 'bukhari_1363', 'bukhari_1364']"
C0104,"আমি শুনেছি, রাসূলুল্লাহ (সা.) বলেছেন যে, তিনি চান অন্যের কাছ থেকে কোরআন শুনতে। তাই আমি সূরা নিসা পড়তে শুরু করলাম, এবং তিনি আমার পড়া শুনে চোখের জল ফেললেন।","['muslim_1867', 'muslim_1869', 'bukhari_5055', 'bukhari_4582', 'bukhari_5049']",True,False,"['bukhari_5056', 'bukhari_5038', 'bukhari_4582', 'bukhari_2655', 'bukhari_5049', 'bukhari_4937', 'bukhari_6335', 'bukhari_5037', 'bukhari_5042', 'muslim_1837']","['bukhari_6936', 'bukhari_5056', 'bukhari_4992', 'muslim_4016', 'bukhari_5041', 'muslim_3811', 'bukhari_7550', 'muslim_5188', 'bukhari_709', 'muslim_3818']"
C0108,"আল্লাহ আমাদের কাজের কোনো কিছুই বৃথা যেতে দেবেন না। তিনি বলেছেন, ""তুমি কি সেখানে যাওয়ার দিন তা পাবে?"" আমি বললাম, ""হ্যাঁ।""","['muslim_4833', 'muslim_4832', 'bukhari_2633', 'bukhari_6165', 'bukhari_3923']",False,True,"['bukhari_7463', 'bukhari_7516', 'bukhari_4613', 'bukhari_6539', 'bukhari_2897', 'bukhari_4760', 'muslim_958', 'bukhari_3640', 'bukhari_7483', 'bukhari_418']","['muslim_6835', 'bukhari_2590', 'muslim_4833', 'bukhari_6706', 'bukhari_2678', 'bukhari_5075', 'bukhari_1984', 'bukhari_1719', 'muslim_2741', 'bukhari_7206']"
C0112,"নবী (সা.) বলেছেন, যখন আল্লাহর এই আয়াত নাজিল হলো, তখন মানুষের মনে কিছু প্রবেশ করলো যা আগে কখনো প্রবেশ করেনি। তিনি নির্দেশ দিলেন, ""বলুন, আমরা শুনেছি এবং মেনে নিয়েছি,"" এবং আল্লাহ তাদের অন্তরে ঈমান স্থাপন করলেন। আল্লাহ আমাদের ভুল বা ভুলে যাওয়ার জন্য দায়ী করবেন না, এবং আমাদের ওপর অতিরিক্ত বোঝা চাপাবেন না, যেমন পূর্ববর্তী জাতির ওপর চাপিয়েছিলেন।","['muslim_330', 'muslim_329', 'muslim_5315', 'muslim_6016', 'muslim_7496']",False,True,"['bukhari_5039', 'bukhari_2528', 'bukhari_5032', 'bukhari_6125', 'bukhari_2493', 'bukhari_7301', 'bukhari_3476', 'bukhari_5223', 'bukhari_7346', 'bukhari_7276']","['muslim_126', 'muslim_330', 'bukhari_4331', 'bukhari_4779', 'bukhari_1374', 'muslim_7133', 'bukhari_5655', 'bukhari_4650', 'bukhari_6151', 'bukhari_7347']"
C0120,"রাসূলুল্লাহ (সা.) বলেছেন যে, মুসলমানের মতো একটি গাছের কথা বলুন, যার পাতা কখনো ঝরে না। আমি মনে করি, এটি খেজুর গাছ হতে পারে। আবু বকর ও عمر (রা.) তখন চুপ ছিলেন, তাই আমি কিছু বলতে সাহস পাইনি। عمر (রা.) পরে বললেন, তুমি যদি এটি বলতে, তাহলে আমার কাছে এটি আরও প্রিয় হত।","['muslim_7102', 'bukhari_4698', 'bukhari_6144', 'muslim_7098', 'bukhari_131']",False,True,"['bukhari_62', 'bukhari_61', 'bukhari_7466', 'bukhari_5644', 'bukhari_72', 'muslim_2585', 'bukhari_5448', 'bukhari_2074', 'bukhari_2320', 'bukhari_5444']","['bukhari_4698', 'bukhari_6122', 'bukhari_131', 'bukhari_6144', 'bukhari_72', 'bukhari_61', 'bukhari_62', 'bukhari_5444', 'bukhari_4538', 'bukhari_2209']"
C0130,"সুলাইমান বলেছেন, তিনি একটি পানির পাত্র থেকে অল্প পানি নিয়ে ভালোভাবে ওযু করেছেন এবং পানি নষ্ট করেননি। এরপর তিনি আমাকে ডাকলেন এবং আমি উঠলাম।","['muslim_1790', 'muslim_7374', 'muslim_596', 'muslim_3767', 'muslim_3328']",False,True,"['muslim_243', 'bukhari_5956', 'bukhari_200', 'bukhari_7475', 'bukhari_6433', 'muslim_337', 'bukhari_6383', 'bukhari_501', 'muslim_767', 'bukhari_640']","['muslim_6681', 'bukhari_239', 'muslim_1790', 'bukhari_7391', 'bukhari_230', 'muslim_5326', 'bukhari_5051', 'bukhari_164', 'bukhari_3378', 'bukhari_179']"
C0150,নবী মুহাম্মদ সাল্লাল্লাহু আলাইহি ওয়াসাল্লামের জুতোতে দুটি মুখ ছিল।,"['muslim_944', 'muslim_5312', 'bukhari_5857', 'muslim_6224', 'muslim_3508']",True,False,"['bukhari_5858', 'bukhari_5857', 'bukhari_1264', 'bukhari_5910', 'bukhari_3107', 'bukhari_1271', 'bukhari_1273', 'bukhari_158', 'bukhari_354', 'bukhari_2147']","['bukhari_397', 'bukhari_1027', 'bukhari_928', 'bukhari_5821', 'bukhari_1264', 'bukhari_2546', 'bukhari_358', 'bukhari_1818', 'bukhari_1171', 'bukhari_5910']"
C0161,"নবী মুহাম্মদ (সা.) আবু তালহাকে বলেছিলেন যে, তাকে একজন যুবক খিদমতকারী খুঁজে দিতে। এরপর আবু তালহা তাকে নিয়ে খাইবারে গিয়েছিলেন, যেখানে নবী (সা.) صفিয়া নামের এক মহিলাকে বেছে নেন এবং তার সাথে বিয়ে করেন। নবী (সা.) শহরে ফিরে আসার সময় صفিয়াকে তার পেছনে বোরকার মধ্যে নিয়ে বসিয়ে রাখেন।","['bukhari_2893', 'bukhari_2235', 'muslim_3321', 'bukhari_4211', 'bukhari_5425']",False,True,"['bukhari_4212', 'bukhari_5169', 'bukhari_4201', 'bukhari_2423', 'bukhari_5170', 'bukhari_5114', 'bukhari_2228', 'bukhari_469', 'bukhari_3876', 'bukhari_6950']","['bukhari_4211', 'bukhari_2235', 'bukhari_1536', 'bukhari_2396', 'bukhari_7220', 'bukhari_88', 'bukhari_6036', 'bukhari_7254', 'bukhari_4000', 'bukhari_2640']"
C0186,"নবী মুহাম্মদ (সা.) এর স্ত্রীগণ রাতে বাইরে বের হতেন যখন তারা প্রয়োজনীয়তা মেটাতেন। عمر (রা.) নবীকে বলেছিলেন তাদের হিজাব পরার জন্য, কিন্তু নবী তা করেননি। পরে, সউদা বিনতে জামআ (রা.) এক রাতে বের হলে عمر (রা.) তাকে চিনে ফেলেন, এরপর আল্লাহ হিজাবের আয়াত নাজিল করেন।","['muslim_5671', 'bukhari_146', 'bukhari_6240', 'muslim_3629', 'muslim_6202']",False,True,"['bukhari_4983', 'bukhari_5194', 'bukhari_4790', 'bukhari_1431', 'bukhari_98', 'bukhari_1801', 'bukhari_2688', 'bukhari_4950', 'bukhari_5840', 'muslim_2397']","['bukhari_866', 'bukhari_865', 'bukhari_146', 'bukhari_6240', 'bukhari_641', 'bukhari_2593', 'bukhari_5258', 'bukhari_2043', 'bukhari_2688', 'bukhari_1676']"
C0188,"নবী মুহাম্মদ (সা.) বলেছেন, ""আমাদের সাথে শপথ করো।""","['bukhari_3999', 'muslim_3743', 'muslim_4669', 'muslim_944', 'muslim_4234']",True,False,"['bukhari_5033', 'bukhari_6022', 'bukhari_7173', 'bukhari_6616', 'bukhari_3999', 'bukhari_2446', 'bukhari_57', 'bukhari_6654', 'bukhari_6675', 'bukhari_7071']","['bukhari_5071', 'bukhari_7070', 'bukhari_2679', 'bukhari_6874', 'bukhari_845', 'bukhari_7071', 'bukhari_941', 'bukhari_838', 'bukhari_877', 'bukhari_1570']"
C0214,"নবী সাল্লাল্লাহু আলাইহি ওয়া সাল্লাম বলেছেন, যে ব্যক্তি অন্যদের উপর কর্তৃত্ব প্রতিষ্ঠা করে তাদের অনুমতি ছাড়া, তার উপর আল্লাহ, ফেরেশতা এবং সমস্ত মানুষের অভিশাপ। কিয়ামতের দিন তার কোন ন্যায় বা দান গ্রহণ করা হবে না।","['muslim_3793', 'muslim_3792', 'muslim_3791', 'muslim_3794', 'muslim_3327']",False,True,"['bukhari_6013', 'bukhari_7376', 'bukhari_6625', 'muslim_1010', 'bukhari_6954', 'bukhari_2474', 'muslim_1614', 'bukhari_2672', 'bukhari_6046', 'bukhari_5193']","['bukhari_6328', 'bukhari_2995', 'muslim_3792', 'bukhari_1797', 'bukhari_4116', 'bukhari_831', 'bukhari_1870', 'bukhari_835', 'bukhari_3293', 'muslim_897']"
C0215,"আমি শুনেছি যে, রাসূলুল্লাহ (সা.) একটি বিশেষ কাপড়ে নামাজ পড়ছিলেন এবং নামাজের সময় কাপড়ের নকশা তাকে বিভ্রান্ত করেছিল। তাই তিনি সেই কাপড়টি আবু জাহমের কাছে পাঠাতে বলেছিলেন।","['bukhari_5817', 'muslim_1239', 'bukhari_373', 'muslim_1238', 'bukhari_752']",True,False,"['bukhari_354', 'bukhari_358', 'bukhari_231', 'bukhari_360', 'bukhari_353', 'bukhari_356', 'muslim_1156', 'bukhari_1130', 'bukhari_5817', 'bukhari_355']","['bukhari_2419', 'bukhari_179', 'bukhari_292', 'bukhari_522', 'bukhari_521', 'bukhari_361', 'bukhari_1789', 'bukhari_2619', 'bukhari_4177', 'bukhari_1223']"
C0216,"আম হরম, আনসের খালা, বলেছেন যে একদিন নবী (সা.) আমাদের কাছে এসেছিলেন এবং হাসছিলেন। তিনি বললেন, আমি আমার উম্মতের কিছু লোককে দেখেছি যারা সমুদ্রের ওপর রাজাদের মতো সওয়ার হচ্ছে। আমি তার কাছে প্রার্থনা করেছিলাম যেন আমাকে তাদের মধ্যে অন্তর্ভুক্ত করেন, এবং তিনি বলেছিলেন, তুমি তাদের মধ্যে। পরে, তিনি আবার হাসতে হাসতে জেগে উঠলেন এবং একই কথা বললেন।","['muslim_4935', 'muslim_4934', 'bukhari_2894', 'bukhari_2895', 'bukhari_7001']",False,True,"['bukhari_7008', 'bukhari_7475', 'bukhari_6096', 'bukhari_5789', 'bukhari_7009', 'muslim_600', 'bukhari_5616', 'bukhari_3599', 'bukhari_3354', 'bukhari_3691']","['bukhari_2895', 'bukhari_2894', 'bukhari_2878', 'bukhari_2877', 'bukhari_2800', 'bukhari_2799', 'bukhari_4331', 'muslim_7007', 'bukhari_6606', 'bukhari_2924']"
C0218,"একজন কালো মহিলা এসে দাবি করেছেন যে, তিনি নবীকে দুধ পান করিয়েছেন। নবী এই কথা শুনে মুখ ফিরিয়ে নিয়ে হাসলেন।","['bukhari_2052', 'bukhari_5104', 'bukhari_2659', 'muslim_6290', 'bukhari_2640']",False,True,"['bukhari_5609', 'bukhari_211', 'bukhari_5606', 'bukhari_2351', 'bukhari_5604', 'bukhari_2366', 'bukhari_7007', 'bukhari_5636', 'bukhari_188', 'bukhari_7032']","['bukhari_5504', 'muslim_795', 'bukhari_5615', 'muslim_3255', 'bukhari_7220', 'bukhari_2571', 'bukhari_2659', 'bukhari_5612', 'bukhari_2052', 'bukhari_4887']"
C0224,"রাসূলুল্লাহ (সা.) বলেছেন, একজন মানুষের গঠন তার মায়ের পেটে প্রথম ৪০ দিন ঘটে, এরপর ৪০ দিন আলাকাহ এবং তারপর ৪০ দিন মাংসের টুকরা হিসেবে থাকে। এরপর আল্লাহ একজন ফেরেশতাকে পাঠান, যাকে চারটি বিষয় লিখতে বলা হয়: তার কাজ, রিজিক, আয়ু এবং সে সুখী হবে নাকি দুঃখী। তারপর তাতে রুহ ফুঁক দেওয়া হয়।","['muslim_6723', 'bukhari_3208', 'bukhari_3332', 'bukhari_6594', 'bukhari_7454']",False,True,"['muslim_2644', 'bukhari_3333', 'muslim_2646', 'bukhari_318', 'bukhari_4814', 'bukhari_6595', 'bukhari_4955', 'bukhari_3326', 'muslim_2872', 'bukhari_3870']","['bukhari_3208', 'bukhari_3333', 'bukhari_6595', 'bukhari_318', 'bukhari_3332', 'bukhari_1817', 'bukhari_7454', 'bukhari_4775', 'bukhari_6594', 'bukhari_4777']"
C0225,"একজন মহিলা বলেছেন, তাদের মধ্যে কেউ যদি এমন অবস্থায় থাকে যেখানে তারা রক্তপাতের সম্মুখীন হয়, তবে তারা তার উপর নিজের ল saliva ব্যবহার করতে পারে।","['bukhari_312', 'muslim_480', 'muslim_675', 'muslim_731', 'muslim_752']",True,False,"['bukhari_307', 'bukhari_5706', 'bukhari_227', 'bukhari_312', 'bukhari_308', 'muslim_300', 'bukhari_2037', 'bukhari_310', 'bukhari_314', 'muslim_2174']","['bukhari_307', 'bukhari_239', 'bukhari_227', 'bukhari_5724', 'bukhari_309', 'bukhari_162', 'bukhari_3320', 'muslim_312', 'bukhari_6388', 'bukhari_5165']"
C0231,"আমি শুনেছি যে, আবদুল্লাহ বিন সালামকে জানানো হয়েছিল যে তিনি জান্নাতের লোকদের মধ্যে একজন। তিনি এর বিরুদ্ধে বলেছিলেন যে, তাদের উচিত নয় এমন কথা বলা যা তাদের জানা নেই। তিনি একটি স্বপ্নের কথা উল্লেখ করেন যেখানে তিনি একটি সবুজ বাগানে একটি স্তম্ভ দেখেন এবং রাসূলুল্লাহ (সা.) তাকে বলেন যে, আবদুল্লাহ বিন সালাম দৃঢ়ভাবে সত্যের সাথে থাকবে।","['muslim_6382', 'bukhari_7010', 'muslim_6381', 'bukhari_3813', 'bukhari_7014']",False,True,"['muslim_2825', 'bukhari_5982', 'bukhari_6555', 'muslim_2478', 'bukhari_1195', 'bukhari_6983', 'bukhari_3812', 'bukhari_6214', 'bukhari_7345', 'muslim_2840']","['bukhari_7010', 'bukhari_3812', 'bukhari_3057', 'bukhari_3056', 'bukhari_3033', 'bukhari_483', 'muslim_3944', 'muslim_3297', 'bukhari_6498', 'bukhari_1535']"
C0267,"আমি শুনেছি যে, একজন ব্যক্তি বলেছেন যে তিনি স্বপ্নে দেখেছেন যে একজন তাকে বলছেন, ""হজ মাবরুর এবং উমরা মাকবুল।"" এরপর তিনি ইবন আব্বাসের কাছে গিয়ে এই স্বপ্নের কথা বললে, তিনি বলেছেন যে এটি নবীর سنت।","['bukhari_1567', 'muslim_3015', 'bukhari_1688', 'muslim_3692', 'muslim_4568']",False,True,"['bukhari_7033', 'bukhari_7008', 'bukhari_7019', 'bukhari_3354', 'bukhari_7020', 'muslim_2272', 'bukhari_3691', 'bukhari_7128', 'muslim_2390', 'bukhari_23']","['muslim_888', 'bukhari_1567', 'bukhari_1688', 'muslim_5459', 'bukhari_4871', 'muslim_6139', 'muslim_5742', 'muslim_3509', 'muslim_7470', 'muslim_3348']"
C0291,"আবু তালহা তাঁর প্রিয় সম্পদ, যা ছিল একটি পানির কূপ, আল্লাহর রাস্তায় দান করেছেন। তিনি নবীকে বলেছিলেন যে, তিনি এই কূপকে দান করতে চান এবং নবী তাকে পরামর্শ দিয়েছিলেন যে, এটি তার আত্মীয়দের মধ্যে বিতরণ করতে।","['bukhari_2318', 'muslim_2315', 'bukhari_1461', 'bukhari_4554', 'bukhari_2769']",False,True,"['bukhari_188', 'bukhari_2590', 'bukhari_55', 'bukhari_2757', 'bukhari_4006', 'bukhari_5351', 'bukhari_6998', 'bukhari_7164', 'bukhari_1498', 'bukhari_196']","['bukhari_1634', 'bukhari_1461', 'bukhari_2769', 'bukhari_1493', 'bukhari_5611', 'bukhari_6132', 'bukhari_4554', 'bukhari_2578', 'bukhari_2758', 'bukhari_3002']"
C0300,"নবী সাল্লাল্লাহু আলাইহি ওয়াসাল্লাম হিজামা করলেন এবং যাকে হিজামা করালেন তাকে উপহার দিলেন। যদি এটি হারাম হতো, তবে তিনি তাকে উপহার দিতেন না।","['bukhari_2103', 'bukhari_2279', 'muslim_4042', 'muslim_5749', 'muslim_4041']",True,False,"['bukhari_2625', 'bukhari_2576', 'bukhari_2585', 'bukhari_3117', 'bukhari_1704', 'bukhari_1436', 'bukhari_2279', 'bukhari_6470', 'bukhari_2393', 'bukhari_2573']","['bukhari_2619', 'bukhari_375', 'bukhari_5865', 'bukhari_4672', 'bukhari_5981', 'bukhari_3054', 'bukhari_5821', 'bukhari_5876', 'bukhari_5841', 'bukhari_948']"
C0305,"আমি শুনেছি, আবদুল্লাহ বিন জাইদ বলেছেন যে, রাসূলুল্লাহ (সা.) যখন ওযু করতেন, তখন তিনি প্রথমে হাত ধোতেন, তারপর মুখ, এবং তারপর মাথা ও পা ধোতেন।","['bukhari_185', 'muslim_557', 'muslim_555', 'bukhari_186', 'muslim_538']",False,True,"['bukhari_248', 'bukhari_273', 'bukhari_272', 'bukhari_197', 'bukhari_257', 'bukhari_5017', 'bukhari_191', 'bukhari_262', 'muslim_304', 'bukhari_182']","['bukhari_736', 'bukhari_191', 'bukhari_179', 'bukhari_185', 'bukhari_292', 'bukhari_957', 'bukhari_293', 'bukhari_919', 'bukhari_199', 'bukhari_738']"
C0308,"রাসূলুল্লাহ (সাল্লাল্লাহু আলাইহি ওয়াসাল্লাম) এর মতো ওযু করার পদ্ধতি আমাদের শেখানো হয়েছে। তিনি হাত, মুখ, এবং পা তিনবার ধোয়ার পর মাথায় মুছে দিয়েছিলেন।","['muslim_555', 'bukhari_186', 'bukhari_192', 'bukhari_191', 'bukhari_199']",False,True,"['bukhari_248', 'bukhari_197', 'bukhari_5017', 'bukhari_273', 'bukhari_272', 'bukhari_257', 'bukhari_254', 'bukhari_158', 'bukhari_157', 'bukhari_255']","['bukhari_248', 'bukhari_197', 'bukhari_191', 'bukhari_185', 'bukhari_265', 'bukhari_199', 'bukhari_96', 'bukhari_1604', 'bukhari_186', 'bukhari_273']"
C0311,দুইজন ব্যক্তি নবী সাল্লাল্লাহু আলাইহি ওয়াসাল্লামের কাছে বিবাদে জড়িয়ে পড়েছিল।,"['bukhari_7258', 'bukhari_7259', 'muslim_1849', 'muslim_1845', 'muslim_6776']",True,False,"['bukhari_6048', 'bukhari_7259', 'bukhari_7258', 'bukhari_7185', 'muslim_1557', 'bukhari_3966', 'bukhari_4914', 'bukhari_5553', 'bukhari_6336', 'bukhari_7399']","['bukhari_3966', 'bukhari_4744', 'bukhari_3967', 'bukhari_928', 'bukhari_4914', 'muslim_2666', 'bukhari_3969', 'bukhari_2810', 'bukhari_6225', 'bukhari_6115']"
C0317,"রাসূলুল্লাহ (সাল্লাল্লাহু আলাইহি ওয়া সাল্লাম) বলেছেন, প্লেগ একটি মুসলিমের জন্য শহীদ হওয়ার মর্যাদা।","['bukhari_5732', 'muslim_4944', 'bukhari_2830', 'muslim_4941', 'muslim_3350']",True,False,"['bukhari_2830', 'bukhari_5733', 'bukhari_5732', 'bukhari_2829', 'bukhari_4006', 'bukhari_415', 'bukhari_48', 'bukhari_6625', 'bukhari_7076', 'bukhari_55']","['bukhari_1504', 'bukhari_6752', 'bukhari_2005', 'bukhari_2000', 'bukhari_4468', 'bukhari_2546', 'bukhari_895', 'bukhari_2457', 'muslim_6616', 'bukhari_2142']"
C0320,"নবী মুহাম্মদ (সা.) বলেছেন, যে কেউ তার দান ফিরিয়ে নেয়, সে যেন তার বমি ফিরিয়ে নিচ্ছে। শুধু একজন পিতামাতা তাদের সন্তানদের ক্ষেত্রে দান ফিরিয়ে নিতে পারে।","['muslim_4174', 'bukhari_2621', 'muslim_4176', 'bukhari_2622', 'bukhari_2589']",True,False,"['bukhari_2589', 'bukhari_6975', 'bukhari_2398', 'bukhari_2621', 'bukhari_2319', 'bukhari_6732', 'bukhari_5351', 'bukhari_2387', 'bukhari_1445', 'bukhari_6763']","['bukhari_6625', 'bukhari_2435', 'bukhari_2517', 'bukhari_5973', 'bukhari_6436', 'bukhari_2139', 'bukhari_5371', 'bukhari_552', 'bukhari_2298', 'muslim_4326']"
C0331,"রাসূলুল্লাহ (সাল্লাল্লাহু আলাইহি ওয়া সাল্লাম) আমাদের বলতেন, যখন কোনো নারী প্রসবের সময় আসে, তখন তার জন্য পানি ঢালতে।","['bukhari_5724', 'muslim_5757', 'muslim_1563', 'muslim_4573', 'muslim_4834']",False,True,"['bukhari_227', 'bukhari_307', 'bukhari_222', 'bukhari_315', 'bukhari_331', 'bukhari_3328', 'bukhari_314', 'bukhari_217', 'bukhari_224', 'bukhari_257']","['bukhari_5724', 'bukhari_307', 'bukhari_3328', 'bukhari_877', 'bukhari_282', 'bukhari_1253', 'bukhari_6121', 'bukhari_3014', 'bukhari_130', 'bukhari_865']"
C0335,"রাসূলুল্লাহ (সা.) বলেছেন, আল্লাহ যা নেন এবং যা দেন, সবকিছু আল্লাহর হাতে এবং সবকিছুর জন্য একটি নির্দিষ্ট সময় রয়েছে। তিনি আমাদের ধৈর্য ধরতে এবং আল্লাহর কাছে প্রতীক্ষা করতে বলেছেন। যখন তিনি এক শিশুকে কোলে নিলেন, তখন তিনি কাঁদলেন এবং বললেন, এটি আল্লাহর রহমত, যা তিনি মানবজাতির মধ্যে রেখেছেন।","['bukhari_7448', 'muslim_2135', 'bukhari_1284', 'bukhari_5655', 'muslim_949']",False,True,"['bukhari_6602', 'bukhari_4694', 'bukhari_3333', 'bukhari_2605', 'bukhari_6600', 'bukhari_6599', 'bukhari_1424', 'bukhari_1145', 'bukhari_709', 'bukhari_4670']","['bukhari_5655', 'bukhari_6655', 'bukhari_6328', 'bukhari_935', 'bukhari_7381', 'bukhari_6344', 'bukhari_831', 'bukhari_7377', 'bukhari_2995', 'bukhari_1284']"
C0338,"আমি শুনেছি, তিনি সকালে পানি চেয়েছিলেন এবং একজন ছেলে তাকে একটি পাত্রে পানি এনে দিয়েছিল। তিনি ডান হাতে পানি নিয়ে বাম হাতে ঢেলে তিনবার হাত ধোয়ার পর, ডান হাতে পানি নিয়ে তিনবার মুখে গুলে এবং তিনবার নাকের মধ্যে পানি টেনে নেন। এরপর তিনি মাথার সামনে এবং পেছনে একবার হাত বুলিয়ে নেন।","['bukhari_192', 'muslim_555', 'bukhari_1934', 'muslim_539', 'muslim_559']",False,True,"['bukhari_257', 'bukhari_191', 'bukhari_188', 'bukhari_196', 'bukhari_254', 'bukhari_248', 'bukhari_197', 'bukhari_200', 'bukhari_276', 'bukhari_3575']","['bukhari_199', 'bukhari_192', 'bukhari_186', 'bukhari_159', 'bukhari_197', 'bukhari_265', 'bukhari_164', 'bukhari_191', 'bukhari_185', 'bukhari_248']"
C0348,"আয়েশা বলেছেন, রাসূলুল্লাহ (সা.)-এর সময় সূর্যগ্রহণের সময় সবাইকে একত্রিত হয়ে নামাজ পড়ার জন্য ডাকা হয়েছিল। তখন তিনি আমাদের সাথে চার রাকাত নামাজ পড়েন, যা দুই রাকাতের মধ্যে চার সিজদা ছিল।","['muslim_2092', 'muslim_2094', 'muslim_2093', 'muslim_2091', 'muslim_2111']",True,False,"['bukhari_1064', 'bukhari_5785', 'bukhari_1062', 'bukhari_1051', 'bukhari_6310', 'bukhari_715', 'bukhari_1162', 'muslim_909', 'muslim_2093', 'bukhari_562']","['bukhari_784', 'bukhari_1108', 'bukhari_898', 'bukhari_1164', 'bukhari_941', 'bukhari_1107', 'bukhari_1134', 'bukhari_1045', 'bukhari_1080', 'bukhari_619']"
C0353,"আমার বোন নাজর দিয়েছে যে, সে আল্লাহর ঘরে হাঁটবে। সে আমাকে নবীকে জিজ্ঞেস করতে বলেছিল, নবী বলেছেন, তাকে হাঁটতে হবে এবং চাইলে সে চড়েও যেতে পারে।","['muslim_4250', 'bukhari_1866', 'muslim_4294', 'muslim_3588', 'muslim_6290']",False,True,"['bukhari_5793', 'bukhari_1865', 'bukhari_515', 'muslim_666', 'bukhari_6275', 'bukhari_1943', 'bukhari_686', 'muslim_698', 'bukhari_874', 'bukhari_7171']","['bukhari_1866', 'muslim_4250', 'bukhari_1862', 'bukhari_686', 'muslim_1496', 'bukhari_4401', 'bukhari_7220', 'bukhari_3061', 'muslim_3670', 'bukhari_1466']"
C0366,"আমি শুনেছি, রাসূলুল্লাহ (সা.) হজের জন্য মক্কায় যাওয়ার সময় যাদের কাছে কোরবানির পশু ছিল না, তাদেরকে তাওয়াফ করার পর হালাল হওয়ার নির্দেশ দিয়েছিলেন। এছাড়া, তিনি ঈদের দিন তাঁর স্ত্রীদের জন্য গরুর মাংস কোরবানি করেছিলেন।","['bukhari_1720', 'bukhari_2952', 'muslim_2925', 'bukhari_1709', 'muslim_2919']",False,True,"['muslim_1227', 'bukhari_2980', 'bukhari_4226', 'bukhari_4215', 'bukhari_5559', 'muslim_1241', 'bukhari_1085', 'bukhari_5455', 'muslim_1974', 'bukhari_5424']","['bukhari_1709', 'bukhari_1720', 'bukhari_2952', 'bukhari_2069', 'bukhari_5566', 'bukhari_3816', 'bukhari_2317', 'bukhari_5115', 'bukhari_316', 'muslim_1676']"
C0398,"একজন আরব ব্যক্তি নবী মুহাম্মদ (সা.)-এর কাছে এসে জানতে চেয়েছিল, আল্লাহ কী কী নামাজ ফরজ করেছেন। নবী (সা.) তাকে পাঁচটি নামাজের কথা বলেছিলেন এবং বলেছিলেন, যদি কেউ অতিরিক্ত কিছু করতে চায়, তবে করতে পারে। এরপর তিনি রোজা ও জাকাতের ফরজ বিষয়গুলোও জানতে চেয়েছিলেন। নবী (সা.) সেগুলোও তাকে জানিয়ে দেন। সেই ব্যক্তি বলেছিল, তিনি ফরজের বাইরে কিছু করবেন না এবং নবী (সা.) বলেছিলেন, ""যদি সে সত্যি হয়, তবে সে সফল হবে।""","['bukhari_6956', 'bukhari_1891', 'muslim_100', 'muslim_104', 'bukhari_2678']",False,True,"['bukhari_7249', 'bukhari_6310', 'bukhari_7301', 'bukhari_1123', 'bukhari_1226', 'bukhari_715', 'bukhari_2445', 'muslim_1015', 'bukhari_562', 'bukhari_404']","['bukhari_2678', 'bukhari_365', 'bukhari_5983', 'bukhari_935', 'bukhari_46', 'bukhari_1891', 'bukhari_6956', 'bukhari_2964', 'bukhari_1397', 'bukhari_990']"
C0419,"হযরত হুযায়ফা (রা) বলেছেন, আল্লাহ তাআলা নবি (সা) কে কুরআন গাওয়ার অনুমতি দিয়েছেন।","['muslim_1845', 'muslim_1849', 'muslim_1847', 'bukhari_7482', 'bukhari_5024']",True,False,"['bukhari_7527', 'bukhari_5427', 'muslim_772', 'bukhari_5024', 'muslim_549', 'bukhari_4937', 'muslim_2516', 'muslim_653', 'bukhari_5223', 'bukhari_1222']","['muslim_4016', 'muslim_1417', 'muslim_5837', 'bukhari_6963', 'bukhari_1136', 'muslim_6342', 'muslim_4839', 'muslim_3818', 'muslim_6996', 'bukhari_2976']"
C0439,"নবী মুহাম্মদ (সা.) বলেছেন, যে ব্যক্তি জানাজার নামাজ পড়বে, তার জন্য এক কিরাত এবং যে জানাজায় উপস্থিত থেকে দাফন পর্যন্ত থাকবে, তার জন্য দুই কিরাত রয়েছে। তিনি আরও বলেছেন, কিরাত উঁচু মূল্যবান।","['muslim_2196', 'muslim_2189', 'muslim_2193', 'muslim_2192', 'bukhari_1325']",False,True,"['bukhari_4937', 'bukhari_1170', 'bukhari_651', 'bukhari_1324', 'bukhari_1323', 'muslim_662', 'bukhari_1334', 'bukhari_6514', 'muslim_1820', 'bukhari_444']","['bukhari_47', 'bukhari_472', 'bukhari_990', 'bukhari_651', 'bukhari_995', 'bukhari_1325', 'bukhari_477', 'bukhari_473', 'bukhari_1115', 'bukhari_1116']"
C0471,"আমি শুনেছি, রাসূলুল্লাহ (সা.) বলেছেন যে, তিনি বনী তামিমের সম্পর্কে তিনটি বিশেষ কথা বলেছেন।","['muslim_6452', 'muslim_6451', 'muslim_6453', 'bukhari_4366', 'bukhari_2543']",True,False,"['bukhari_2858', 'bukhari_2333', 'bukhari_254', 'muslim_764', 'muslim_2182', 'bukhari_4366', 'muslim_7424', 'muslim_3299', 'bukhari_2227', 'bukhari_1908']","['muslim_4406', 'muslim_7384', 'bukhari_2858', 'muslim_5694', 'bukhari_5910', 'bukhari_7222', 'bukhari_7223', 'bukhari_764', 'muslim_2672', 'bukhari_1604']"
C0483,"রাসূলুল্লাহ (সা.) বলেছেন, ""আকিল কি আমাদের জন্য মক্কায় কোনো বাড়ি বা সম্পত্তি রেখে গেছে?"" কারণ আকিল ও তালিব ছিলেন কাফির এবং তারা আবু তালিবের সম্পত্তি উত্তরাধিকারী হয়েছিলেন, কিন্তু জাফর ও আলী কিছুই পাননি কারণ তারা মুসলিম ছিলেন। عمر বলতেন, ""বিশ্বাসী কাফিরের থেকে কিছু পায় না।""","['muslim_3294', 'bukhari_1588', 'bukhari_4282', 'bukhari_4283', 'muslim_3296']",False,True,"['muslim_1758', 'bukhari_2757', 'bukhari_6764', 'muslim_1614', 'bukhari_4036', 'bukhari_4035', 'bukhari_6067', 'bukhari_3502', 'bukhari_2398', 'bukhari_6741']","['bukhari_1588', 'bukhari_6725', 'bukhari_6726', 'bukhari_4283', 'bukhari_4282', 'bukhari_3712', 'bukhari_3711', 'bukhari_4036', 'bukhari_4035', 'bukhari_3502']"
C0484,"রাসূলুল্লাহ (সা.) বলেছেন, আল্লাহ আমাদের জন্য শুক্রবারকে নির্ধারণ করেছেন, যখন আগে যারা ছিল তাদের জন্য শনিবার ছিল ইহুদিদের এবং রবিবার ছিল খ্রিস্টানদের। আল্লাহ আমাদেরকে শুক্রবারের হেদায়েত দিয়েছেন এবং কিয়ামতের দিন আমরা শেষ জাতি হবে।","['muslim_1982', 'muslim_1980', 'muslim_7054', 'muslim_1978', 'muslim_7015']",False,True,"['bukhari_3486', 'bukhari_3487', 'bukhari_876', 'bukhari_238', 'bukhari_6624', 'bukhari_7037', 'bukhari_7036', 'bukhari_7516', 'bukhari_7496', 'bukhari_7495']","['bukhari_876', 'bukhari_3487', 'bukhari_3486', 'bukhari_896', 'bukhari_897', 'muslim_1980', 'muslim_1978', 'muslim_1982', 'bukhari_3943', 'bukhari_6328']"
C0490,"একজন ব্যক্তি নবী (সা.)-এর কাছে এসে বললেন, ""আমি অসুস্থ, আমাকে সাহায্য করুন।"" তখন নবী (সা.) বললেন, ""আমার কাছে কিছু নেই।"" এরপর একজন বললেন, ""হে রাসূলুল্লাহ, আমি তাকে সাহায্য করার জন্য কাউকে দেখাতে পারি।"" নবী (সা.) তখন বললেন, ""যে কাউকে ভালো কাজের দিকে নির্দেশ করে, তার জন্য সেই কাজ করার মতোই পুরস্কার থাকবে।""","['muslim_4899', 'muslim_5359', 'muslim_7007', 'muslim_4431', 'muslim_4265']",False,True,"['muslim_2627', 'bukhari_6028', 'bukhari_6441', 'bukhari_1424', 'bukhari_7164', 'bukhari_7476', 'bukhari_1445', 'bukhari_1419', 'bukhari_1411', 'bukhari_7120']","['bukhari_7294', 'bukhari_3693', 'muslim_2603', 'bukhari_6822', 'bukhari_5087', 'bukhari_5030', 'bukhari_4889', 'bukhari_6326', 'bukhari_1536', 'muslim_4899']"
C0491,"নবী সাল্লাল্লাহু আলাইহি ওয়া সাল্লাম বলেছেন, ""এটি এবং এটি সমান।""","['bukhari_6895', 'muslim_5312', 'muslim_4739', 'muslim_3877', 'muslim_4063']",True,False,"['bukhari_6895', 'bukhari_4898', 'bukhari_221', 'bukhari_1908', 'bukhari_7381', 'bukhari_1527', 'bukhari_6418', 'muslim_2413', 'bukhari_6503', 'bukhari_3443']","['bukhari_5301', 'muslim_5921', 'bukhari_1908', 'bukhari_6503', 'bukhari_5109', 'bukhari_2546', 'bukhari_475', 'muslim_2509', 'bukhari_4936', 'muslim_7346']"
C0505,"আমি শুনেছি যে, সাহল বিন সাদ বলেছেন, নবী মুহাম্মদ (সা.) জীবদ্দশায় কখনো নকী (ছাঁকা) খাবার খাননি। তিনি বলেন, আমাদের কাছে তখন নকী করার যন্ত্রও ছিল না, তাই আমরা যবকে পিষে বাতাসে উড়িয়ে খেতাম।","['bukhari_5413', 'muslim_1562', 'muslim_4669', 'muslim_6966', 'muslim_3743']",False,True,"['bukhari_5415', 'bukhari_5398', 'bukhari_5409', 'bukhari_3563', 'bukhari_5386', 'bukhari_1719', 'bukhari_5457', 'bukhari_6450', 'bukhari_5456', 'bukhari_210']","['bukhari_5413', 'bukhari_4058', 'bukhari_5410', 'muslim_5400', 'bukhari_7150', 'bukhari_953', 'bukhari_5398', 'bukhari_2828', 'bukhari_1491', 'bukhari_1719']"
C0516,"আমি শুনেছি যে আবু তালিব বলেছেন, যখন নবী সাল্লাল্লাহু আলাইহি ওয়াসাল্লাম আকাশ থেকে বৃষ্টি প্রার্থনা করছিলেন, তখন তাঁর মুখের দিকে তাকালে মনে হচ্ছিল যেন সমস্ত জলধারা প্রবাহিত হচ্ছে। তাঁর মুখের সৌন্দর্য এতটাই ছিল যে তা এতিমদের জন্য আশ্রয় এবং বিধবাদের জন্য নিরাপত্তা প্রদান করে।","['bukhari_1008', 'bukhari_1009', 'muslim_1449', 'muslim_6095', 'muslim_4653']",False,True,"['bukhari_1023', 'bukhari_1024', 'bukhari_3206', 'bukhari_1012', 'bukhari_669', 'muslim_428', 'bukhari_1026', 'bukhari_1010', 'muslim_698', 'bukhari_3710']","['bukhari_1009', 'bukhari_1008', 'bukhari_1382', 'muslim_1058', 'bukhari_3664', 'bukhari_6356', 'bukhari_7021', 'bukhari_4075', 'bukhari_7347', 'muslim_788']"
C0534,"নবী মুহাম্মদ (সা.) বলেছেন, আমাদের একবার খায়বারের যুদ্ধে মাংস খাওয়ার সময় তিনি ঘোষণা করেছিলেন যে, ঘোড়ার মাংস খাওয়া নিষেধ। তিনি বলেছিলেন, কারণ তারা মল খায়।","['muslim_5010', 'muslim_5011', 'bukhari_3155', 'bukhari_4220', 'muslim_5017']",False,True,"['bukhari_5115', 'bukhari_5526', 'bukhari_5525', 'bukhari_5524', 'bukhari_5521', 'bukhari_5522', 'bukhari_4218', 'bukhari_4227', 'bukhari_4217', 'bukhari_5523']","['bukhari_3155', 'bukhari_4226', 'bukhari_4217', 'bukhari_5115', 'bukhari_5524', 'bukhari_853', 'bukhari_5522', 'bukhari_5520', 'bukhari_5398', 'bukhari_5541']"
C0535,নবী (সাল্লাল্লাহু আলাইহি ওয়াসাল্লাম) একজন মৃতের জন্য দাফনের পর নামাজ পড়েছিলেন।,"['muslim_2211', 'muslim_7418', 'bukhari_1340', 'muslim_3728', 'muslim_7502']",True,False,"['bukhari_1340', 'bukhari_332', 'bukhari_4085', 'bukhari_1331', 'bukhari_2295', 'bukhari_3881', 'muslim_955', 'bukhari_3879', 'bukhari_1321', 'bukhari_1334']","['bukhari_3877', 'bukhari_1225', 'bukhari_957', 'bukhari_925', 'bukhari_689', 'bukhari_643', 'bukhari_1247', 'bukhari_1245', 'bukhari_5546', 'bukhari_618']"
C0556,"রাসূলুল্লাহ (সা.) বলেছিলেন যে, যারা ইসলামের পথে এসেছে তাদেরকে কুফফারদের কাছে ফিরে যাওয়া উচিত নয় এবং মুসলমানদের উচিত তাদের স্ত্রীদের জন্য যে খরচ হয়েছে তা ফেরত দেওয়া। উমর (রা.) দুইটি স্ত্রীকে তালাক দিয়েছিলেন এবং পরে তাদেরকে অন্যদের সাথে বিয়ে করেছিলেন।","['bukhari_2733', 'bukhari_4182', 'muslim_4440', 'muslim_4612', 'muslim_4588']",False,True,"['bukhari_1804', 'bukhari_6601', 'bukhari_6834', 'bukhari_5264', 'bukhari_5269', 'bukhari_7469', 'bukhari_5251', 'bukhari_5119', 'bukhari_2660', 'bukhari_5090']","['bukhari_4908', 'bukhari_2733', 'bukhari_4182', 'bukhari_2290', 'bukhari_5205', 'bukhari_7160', 'bukhari_1860', 'bukhari_1862', 'bukhari_2139', 'bukhari_3775']"
C0561,"নবী মুহাম্মদ (সা.) মারা যাওয়ার পর আবু বকর (রা.) ঘোষণা করেছিলেন যে, যাদের নবীর কাছে কিছু পাওনা ছিল, তারা যেন তার কাছে আসেন। জাবির (রা.) বলেছিলেন যে, নবী (সা.) তাকে তিনবার কিছু দেওয়ার প্রতিশ্রুতি দিয়েছিলেন এবং তিনি তিনবার পাঁচশত করে টাকা পেয়েছিলেন।","['bukhari_2683', 'muslim_6023', 'muslim_6024', 'bukhari_2296', 'muslim_2304']",False,True,"['bukhari_2598', 'muslim_1631', 'bukhari_6763', 'bukhari_5371', 'bukhari_7186', 'muslim_1702', 'bukhari_2625', 'bukhari_6441', 'bukhari_1178', 'bukhari_6735']","['bukhari_2683', 'bukhari_2598', 'bukhari_2396', 'bukhari_2296', 'bukhari_7186', 'muslim_370', 'bukhari_701', 'bukhari_4672', 'bukhari_7220', 'bukhari_641']"
C0582,"নবী মুহাম্মদ (সা.) কৃষি জমি ভাড়া দেওয়া থেকে নিষেধ করেছেন। আমি সালেমকে জিজ্ঞেস করলাম, তুমি কি ভাড়া দাও? তিনি বললেন, হ্যাঁ, কারণ এতে তার জন্য বেশি লাভ হয়।","['bukhari_4012', 'bukhari_4013', 'muslim_3940', 'muslim_3938', 'muslim_3944']",False,True,"['bukhari_2342', 'bukhari_2345', 'bukhari_2722', 'bukhari_2327', 'bukhari_2341', 'bukhari_2340', 'bukhari_2332', 'bukhari_2634', 'bukhari_2330', 'bukhari_2632']","['bukhari_2342', 'bukhari_4013', 'bukhari_4012', 'bukhari_2286', 'bukhari_2285', 'bukhari_2330', 'bukhari_2499', 'bukhari_5850', 'bukhari_2720', 'bukhari_2636']"
C0585,"নবী (সা.) বলেছেন, যখন লোকেরা তাদের খাবার কমিয়ে ফেলেছিল, তখন তিনি তাদেরকে বলেছিলেন যে, তারা যেন তাদের অতিরিক্ত খাবার নিয়ে আসে। এরপর তিনি সেই খাবারগুলো একত্রিত করে সবাইকে খাওয়ানোর ব্যবস্থা করেছিলেন।","['bukhari_2484', 'bukhari_2982', 'muslim_139', 'muslim_5316', 'muslim_7356']",False,True,"['bukhari_1924', 'bukhari_5459', 'bukhari_2486', 'bukhari_1933', 'bukhari_5460', 'bukhari_6669', 'muslim_2500', 'bukhari_2557', 'bukhari_1922', 'muslim_1095']","['bukhari_2982', 'bukhari_2484', 'bukhari_4633', 'bukhari_3378', 'bukhari_2486', 'bukhari_2576', 'bukhari_2123', 'bukhari_2124', 'muslim_1950', 'bukhari_2198']"
C0600,"নবীজি (সাল্লাল্লাহু আলাইহি ওয়া সাল্লাম) বলেছিলেন, যদি কারও মাথায় কিছু সমস্যা হয়, তাহলে তাকে মাথা কামাতে হবে। তিনি আমাকে বললেন, তিন দিন রোজা রাখো, অথবা ছয়টি গরিবকে কিছু দান করো, অথবা তোমার সাধ্য অনুযায়ী কুরবানী করো।","['muslim_2880', 'bukhari_1815', 'muslim_2879', 'muslim_2883', 'muslim_2881']",False,True,"['bukhari_1814', 'bukhari_6708', 'bukhari_5703', 'bukhari_809', 'bukhari_256', 'bukhari_4190', 'bukhari_6235', 'bukhari_1981', 'bukhari_84', 'muslim_238']","['bukhari_1815', 'bukhari_1814', 'bukhari_4190', 'muslim_2880', 'bukhari_6956', 'bukhari_5703', 'bukhari_2678', 'bukhari_1891', 'bukhari_1817', 'bukhari_6022']"
C0611,"নবী সাল্লাল্লাহু আলাইহি ওয়াসাল্লাম বলেছেন, আল্লাহ একজন ব্যক্তির মুখকে গাধার মুখে পরিণত করবেন।","['muslim_965', 'muslim_2853', 'muslim_5552', 'bukhari_691', 'muslim_5031']",False,True,"['bukhari_4073', 'bukhari_6058', 'bukhari_7179', 'bukhari_717', 'bukhari_5933', 'bukhari_5347', 'bukhari_5789', 'bukhari_2387', 'bukhari_5937', 'muslim_2118']","['bukhari_6625', 'bukhari_406', 'bukhari_5788', 'bukhari_691', 'bukhari_4644', 'bukhari_6269', 'bukhari_6864', 'bukhari_2826', 'bukhari_6523', 'bukhari_877']"
C0619,"আমরা যখন উমরের কাছে বসেছিলাম, তিনি বললেন, ""নবী (সা.) বলেছেন যে, মানুষের জন্য ফিতনা তার পরিবার, সম্পদ, সন্তান এবং প্রতিবেশীর মধ্যে থাকে, যা নামাজ, দান, ভালো কাজের আদেশ এবং মন্দ থেকে নিষেধ করার মাধ্যমে দূর করা যায়।"" উমর আরও জানতে চাইলেন যে, সেই ফিতনা কি সমুদ্রের ঢেউয়ের মতো হবে। তখন বলা হলো, ""না, আপনার জন্য এতে কোনো ভয় নেই, কারণ আপনার এবং এর মধ্যে একটি বন্ধ দরজা আছে।"" উমর জানতে চাইলেন, ""দরজাটি কি ভাঙা হবে, না খোলা হবে?"" উত্তরে বলা হলো, ""এটি ভাঙা হবে।"" উমর বললেন, ""তাহলে এটি কখনো বন্ধ হবে না।""","['muslim_7268', 'bukhari_7096', 'bukhari_525', 'bukhari_3586', 'bukhari_1435']",False,True,"['bukhari_4697', 'bukhari_5644', 'muslim_1381', 'muslim_2622', 'bukhari_3216', 'bukhari_69', 'bukhari_6810', 'bukhari_7538', 'bukhari_1867', 'bukhari_2613']","['muslim_7268', 'bukhari_1895', 'bukhari_2772', 'bukhari_7096', 'bukhari_525', 'bukhari_396', 'bukhari_395', 'bukhari_5588', 'bukhari_2764', 'bukhari_1646']"
C0621,"আল্লাহর রাসূল (সাল্লাল্লাহু আলাইহি ওয়া সাল্লাম) বলেছেন, যদি তুমি তোমার ভাইয়ের কাছ থেকে ফল বিক্রি করো এবং তা ক্ষতিগ্রস্ত হয়, তাহলে তোমার জন্য তার থেকে কিছু নেওয়া বৈধ নয়। তোমার ভাইয়ের সম্পদ অন্যায়ভাবে নেওয়া উচিত নয়।","['muslim_3975', 'muslim_6023', 'muslim_3977', 'muslim_5063', 'muslim_7502']",False,True,"['bukhari_2139', 'bukhari_2160', 'bukhari_6727', 'bukhari_2177', 'bukhari_2140', 'bukhari_2194', 'bukhari_2126', 'bukhari_3096', 'bukhari_2165', 'bukhari_2680']","['bukhari_2139', 'muslim_3975', 'bukhari_2199', 'bukhari_2460', 'bukhari_2160', 'bukhari_2415', 'bukhari_2379', 'bukhari_4644', 'bukhari_5238', 'bukhari_6625']"
C0628,"আমার চাচা বলেছিলেন, তিনি বদর যুদ্ধে উপস্থিত ছিলেন না এবং আল্লাহর কাছে প্রার্থনা করেছিলেন যে, যদি তিনি নবী (সা.) এর সাথে যুদ্ধ করতে পারেন, তবে আল্লাহ তাকে দেখাবেন কীভাবে তিনি লড়াই করেন। পরে উহুদ যুদ্ধে তিনি সাহসিকতার সাথে অংশ নেন এবং বলেন, ""হে আল্লাহ, আমি মুসলমানদের কাজের জন্য তোমার কাছে দুঃখ প্রকাশ করছি এবং মুশরিকদের থেকে নিজেকে মুক্ত করছি।"" তিনি যুদ্ধ করতে গিয়ে শহীদ হন এবং তার বোন তাকে চিনতে পারেন তার শরীরে থাকা আঘাতের কারণে।","['bukhari_4048', 'bukhari_2805', 'bukhari_2806', 'muslim_4918', 'muslim_5948']",False,True,"['bukhari_4054', 'bukhari_3970', 'muslim_1787', 'bukhari_3126', 'bukhari_4021', 'bukhari_4589', 'muslim_1743', 'bukhari_7226', 'bukhari_3130', 'bukhari_2972']","['bukhari_4048', 'bukhari_2915', 'bukhari_3988', 'bukhari_2708', 'bukhari_2601', 'bukhari_3004', 'bukhari_1293', 'bukhari_7095', 'bukhari_4875', 'bukhari_4640']"
C0635,আমি দেখেছি যে নবী (সাল্লাল্লাহু আলাইহি ওয়া সাল্লাম) তাঁর পাগড়ি এবং মোজা উপর হাত বুলাচ্ছেন।,"['bukhari_205', 'muslim_634', 'muslim_3061', 'muslim_4646', 'muslim_5926']",False,True,"['bukhari_405', 'bukhari_6272', 'bukhari_1621', 'bukhari_5437', 'bukhari_5517', 'bukhari_6702', 'bukhari_417', 'bukhari_836', 'bukhari_388', 'bukhari_6341']","['bukhari_205', 'bukhari_3749', 'bukhari_736', 'muslim_4318', 'bukhari_6265', 'muslim_1417', 'bukhari_475', 'bukhari_5797', 'bukhari_4936', 'bukhari_749']"
C0652,"কুরাইশ আমাকে রাসূলুল্লাহ (সাল্লাল্লাহু আলাইহি ওয়া সাল্লাম) এর কাছে পাঠিয়েছিল। আমি যখন তাঁকে দেখলাম, তখন আমার মনে ইসলাম প্রবাহিত হলো এবং আমি বললাম, ""হে রাসূল, আমি আর তাদের কাছে ফিরে যাব না।"" রাসূল (সাল্লাল্লাহু আলাইহি ওয়া সাল্লাম) বললেন, ""আমি প্রতিশ্রুতি ভঙ্গ করি না, তবে তুমি ফিরে যাও। যদি তোমার মনে সত্যিই ইসলাম গ্রহণের ইচ্ছা থাকে, তবে ফিরে আসো।"" এরপর আমি ফিরে এসে ইসলাম গ্রহণ করলাম।","['muslim_4264', 'muslim_147', 'muslim_4678', 'muslim_6396', 'muslim_4622']",False,True,"['bukhari_3146', 'bukhari_41', 'bukhari_20', 'bukhari_3116', 'bukhari_285', 'bukhari_3822', 'muslim_3257', 'bukhari_6126', 'bukhari_7322', 'bukhari_7157']","['bukhari_4904', 'bukhari_4177', 'bukhari_4901', 'bukhari_4900', 'bukhari_283', 'bukhari_4833', 'bukhari_1559', 'bukhari_4647', 'muslim_4264', 'bukhari_1217']"
C0658,"আমি শুনেছি যে রাসূলুল্লাহ (সা.) বলেছেন, একবার তিনি কিছু সময়ের জন্য ওহী থেকে বিরত ছিলেন এবং যখন তিনি হাঁটছিলেন, তখন তিনি ভয় পেয়ে মাটিতে পড়ে গিয়েছিলেন। এরপর আবার ওহী আসতে শুরু করে।","['muslim_407', 'muslim_406', 'bukhari_4926', 'bukhari_3238', 'bukhari_6214']",False,True,"['bukhari_1124', 'bukhari_5789', 'bukhari_732', 'bukhari_163', 'muslim_341', 'bukhari_1130', 'bukhari_5289', 'bukhari_491', 'muslim_898', 'bukhari_2972']","['bukhari_3238', 'bukhari_4954', 'bukhari_4', 'bukhari_1212', 'bukhari_4926', 'bukhari_4925', 'bukhari_4952', 'muslim_2096', 'bukhari_823', 'bukhari_767']"
C0679,"আমি শুনেছি যে, তিনি বলেছেন যে, তিনি কখনোই পাথরটি স্পর্শ করা থেকে বিরত হননি, সুখ-দুঃখের যেকোনো অবস্থাতেই, যেহেতু তিনি রাসূলুল্লাহ (সা.)-কে এটি স্পর্শ করতে দেখেছিলেন।","['muslim_3064', 'bukhari_1606', 'bukhari_1611', 'muslim_3065', 'muslim_3242']",True,False,"['muslim_2573', 'bukhari_1597', 'bukhari_1605', 'bukhari_156', 'bukhari_155', 'bukhari_1611', 'bukhari_285', 'bukhari_1610', 'bukhari_836', 'bukhari_1606']","['muslim_5168', 'bukhari_2828', 'bukhari_1973', 'bukhari_1097', 'bukhari_3556', 'muslim_4167', 'muslim_1223', 'muslim_3811', 'bukhari_7150', 'muslim_5496']"
C0690,"আমার এক বন্ধু বললেন, নবী মুহাম্মদ (সা.) বলেছেন যে, একজন মুসলিম নারীর জন্য তার স্বামী মারা গেলে তিন দিনের বেশি শোক পালন করা ঠিক নয়, তবে স্বামী মারা গেলে চার মাস এবং দশ দিন শোক পালন করা যায়।","['muslim_3728', 'muslim_3725', 'muslim_3726', 'muslim_3727', 'bukhari_1281']",False,True,"['bukhari_5339', 'bukhari_5340', 'muslim_1491', 'bukhari_5342', 'bukhari_5341', 'muslim_1489', 'bukhari_1279', 'bukhari_1086', 'bukhari_1907', 'bukhari_1087']","['bukhari_5339', 'bukhari_1086', 'bukhari_5342', 'muslim_6534', 'bukhari_6065', 'bukhari_5345', 'bukhari_1087', 'bukhari_1282', 'bukhari_1281', 'bukhari_5264']"
C0694,"আমি শুনেছি যে রমজানের রোজা যদি কেউ রাখতে না পারে, তবে সে শাবান মাসে তা পূরণ করতে পারবে। এটি রাসূলুল্লাহ (সা.) এর একটি নির্দেশ।","['muslim_2687', 'bukhari_1950', 'muslim_2721', 'muslim_6009', 'muslim_716']",True,False,"['bukhari_38', 'bukhari_556', 'bukhari_1950', 'bukhari_3569', 'bukhari_1909', 'muslim_1128', 'bukhari_37', 'bukhari_2001', 'bukhari_2013', 'bukhari_1892']","['bukhari_1969', 'bukhari_556', 'bukhari_4501', 'bukhari_2000', 'bukhari_5054', 'bukhari_1983', 'muslim_1356', 'bukhari_1662', 'bukhari_5769', 'bukhari_935']"
C0717,"আমি শুনেছি, সাহাবীরা রাসূলুল্লাহ (সা.) এবং আবু বকর ও উমরের সময়ে গম, বার্লি এবং খেজুরের জন্য ঋণ দিতেন, এমন কিছু লোকের কাছে যাদের সম্পর্কে তাদের জানা ছিল না। ابن أبزى ও একই কথা বলেছেন।","['bukhari_2242', 'bukhari_2243', 'muslim_7559', 'bukhari_2244', 'muslim_3415']",False,True,"['bukhari_6441', 'bukhari_6470', 'muslim_1011', 'bukhari_2200', 'bukhari_2068', 'bukhari_7164', 'bukhari_2251', 'muslim_1721', 'bukhari_2104', 'bukhari_2404']","['bukhari_2243', 'bukhari_2242', 'bukhari_5601', 'bukhari_2254', 'bukhari_2255', 'bukhari_3460', 'bukhari_2244', 'muslim_795', 'bukhari_2343', 'bukhari_2344']"
C0756,"আমি শুনেছি যে, الرحمان এর কথা সুলাইমান বিন বেলাল এর একটি বর্ণনার মতো।","['muslim_2013', 'muslim_6090', 'muslim_3759', 'muslim_2099', 'muslim_6232']",True,False,"['bukhari_5944.2', 'muslim_4045', 'muslim_6232', 'bukhari_2493', 'muslim_6299', 'muslim_6140', 'muslim_3297', 'muslim_7095', 'muslim_5335', 'muslim_5900']","['muslim_812', 'bukhari_6498', 'bukhari_894', 'bukhari_1528', 'bukhari_6044', 'bukhari_3947', 'muslim_3907', 'bukhari_2858', 'muslim_6140', 'muslim_2469']"
C0757,"মঘিরা বিন শোবা বলেছেন যে, তিনি মাওয়া থেকে শুনেছেন, রাসূলুল্লাহ (সা.) সালাম দেওয়ার সময় বলেছেন যে, আল্লাহ সব কিছুর উপর ক্ষমতাশীল।","['muslim_1340', 'muslim_1338', 'bukhari_6330', 'bukhari_6615', 'bukhari_6473']",False,True,"['muslim_2695', 'bukhari_1145', 'bukhari_4812', 'bukhari_5222', 'bukhari_3228', 'bukhari_6405', 'muslim_382', 'muslim_1342', 'bukhari_4559', 'muslim_1015']","['muslim_6996', 'muslim_913', 'bukhari_765', 'muslim_4952', 'muslim_3441', 'bukhari_5645', 'muslim_5994', 'bukhari_5585', 'bukhari_6330', 'muslim_3110']"
C0762,"হজ্জাজ বিন ইউসুফ একবার আব্দুল্লাহকে জিজ্ঞেস করেছিলেন, আরাফার দিন কীভাবে নামাজ পড়তে হয়। আব্দুল্লাহ বলেছিলেন, তারা সাধারণত যোহর ও আসরের নামাজ একত্রে পড়তেন। সালেম বললেন, এটা তো রাসূলুল্লাহ (সা.)-এর سنت।","['bukhari_1662', 'bukhari_3665', 'muslim_2747', 'bukhari_1660', 'muslim_2636']",False,True,"['bukhari_560', 'bukhari_1068', 'bukhari_891', 'bukhari_565', 'bukhari_577', 'bukhari_618', 'bukhari_1658', 'bukhari_778', 'bukhari_6310', 'bukhari_759']","['bukhari_1662', 'bukhari_1984', 'bukhari_179', 'bukhari_157', 'bukhari_957', 'bukhari_358', 'bukhari_1106', 'bukhari_214', 'bukhari_2025', 'bukhari_645']"
C0789,"আমি শুনেছি যে, রাসূলুল্লাহ (সা.) বলেছেন যে, আড়াইয়ের ফল বিক্রি করা যেতে পারে তাদের পরিমাণ অনুযায়ী।","['muslim_3884', 'bukhari_2192', 'muslim_3876', 'muslim_3886', 'bukhari_2380']",True,False,"['bukhari_2190', 'bukhari_2188', 'bukhari_2380', 'bukhari_2329', 'bukhari_2716', 'bukhari_2087', 'bukhari_2206', 'bukhari_2204', 'muslim_1529', 'bukhari_2192']","['bukhari_5447', 'bukhari_2535', 'bukhari_3460', 'bukhari_2379', 'muslim_6996', 'muslim_4016', 'muslim_2816', 'bukhari_1540', 'muslim_913', 'bukhari_1384']"
C0804,"নবী মুহাম্মদ (সা.) বলেছেন যে, ঈদুল ফিতর এবং ঈদুল আযহার দিনে রোজা রাখা নিষেধ।","['muslim_2672', 'muslim_2673', 'muslim_2676', 'muslim_2747', 'muslim_2674']",False,True,"['muslim_1140', 'bukhari_1991', 'bukhari_1992', 'bukhari_1914', 'bukhari_1629', 'bukhari_1892', 'muslim_1128', 'bukhari_7242', 'bukhari_6706', 'bukhari_5516']","['bukhari_1994', 'bukhari_585', 'bukhari_1088', 'bukhari_4215', 'bukhari_1984', 'bukhari_1990', 'muslim_2672', 'bukhari_1971', 'bukhari_2006', 'bukhari_4217']"
C0828,"নবী মুহাম্মদ (সা.) বলেছেন, আমরা কিয়ামতের দিন শেষ জাতি, যাদের আগে অন্যরা কিতাব পেয়েছিল। আল্লাহ আমাদেরকে সেই দিন সঠিক পথ দেখিয়েছেন, যা অন্যরা বিভ্রান্ত হয়েছিল।","['muslim_1980', 'muslim_1978', 'bukhari_896', 'bukhari_897', 'muslim_1981']",False,True,"['bukhari_6624', 'bukhari_238', 'bukhari_3487', 'bukhari_3486', 'bukhari_876', 'bukhari_7037', 'bukhari_7036', 'bukhari_3640', 'bukhari_7496', 'bukhari_7495']","['bukhari_876', 'bukhari_897', 'bukhari_896', 'bukhari_3486', 'bukhari_3487', 'muslim_1980', 'muslim_1982', 'muslim_1978', 'bukhari_45', 'bukhari_5027']"
C0832,"রাসূলুল্লাহ (সাল্লাল্লাহু আলাইহি ওয়া সাল্লাম) অসুস্থ অবস্থায় যখন অচেতন হয়ে পড়লেন, তখন তিনি জ্ঞান ফিরে পেয়ে বললেন, ""নামাজের সময় হয়েছে?"" এবং বললেন, ""বিলালকে বলো আযান দিতে এবং আবু বকরকে বলো মানুষের নামাজ পড়াতে।"" এরপর তিনি আবার অচেতন হয়ে গেলেন।","['muslim_941', 'muslim_940', 'muslim_936', 'muslim_949', 'bukhari_678']",False,True,"['bukhari_5016', 'bukhari_212', 'bukhari_7309', 'bukhari_688', 'bukhari_1153', 'bukhari_640', 'bukhari_1232', 'bukhari_703', 'bukhari_1672', 'bukhari_213']","['bukhari_1201', 'muslim_653', 'bukhari_945', 'bukhari_7250', 'bukhari_641', 'bukhari_560', 'bukhari_6823', 'bukhari_1228', 'bukhari_678', 'bukhari_3566']"
C0850,"নবী (সাল্লাল্লাহু আলাইহি ওয়াসাল্লাম) বলেছেন, যে ব্যক্তি তার সম্পত্তির জন্য লড়াই করে এবং মারা যায়, সে শহীদ।","['bukhari_2480', 'muslim_4941', 'muslim_361', 'muslim_7422', 'muslim_4387']",True,False,"['bukhari_2480', 'bukhari_6763', 'muslim_1910', 'bukhari_2398', 'bukhari_5733', 'bukhari_3126', 'bukhari_5353', 'bukhari_721', 'bukhari_720', 'bukhari_7458']","['bukhari_552', 'bukhari_2787', 'muslim_5921', 'bukhari_2403', 'bukhari_123', 'bukhari_3123', 'bukhari_1400', 'bukhari_1399', 'bukhari_1952', 'bukhari_2810']"
C0865,"আমি শুনেছি যে, একজন ব্যক্তি বলেছিলেন যে তিনি নামাজ পড়ছেন, কিন্তু তার উদ্দেশ্য ছিল আপনাদেরকে দেখানো যে তিনি কিভাবে রাসূলুল্লাহ (সা.)-কে নামাজ পড়তে দেখেছেন। তিনি প্রথম রাকাতে সেজদা শেষ করার পর মাথা উঁচু করেছিলেন।","['bukhari_677', 'bukhari_824', 'muslim_1060', 'muslim_2091', 'muslim_3690']",False,True,"['bukhari_799', 'bukhari_735', 'bukhari_5616', 'bukhari_4559', 'bukhari_6670', 'bukhari_753', 'bukhari_736', 'bukhari_825', 'muslim_772', 'bukhari_738']","['bukhari_824', 'bukhari_5615', 'bukhari_677', 'muslim_2816', 'muslim_1748', 'bukhari_450', 'bukhari_1097', 'bukhari_4952', 'bukhari_1223', 'bukhari_1536']"
C0893,"নবী মুহাম্মদ (সা.) তাঁর স্ত্রীকে বলেছেন যে, তিনি যখন ইহরাম বাঁধবেন এবং কাবা তাওয়াফ করার আগে কিছু নির্দেশনা দেবেন।","['muslim_2824', 'muslim_2831', 'muslim_2825', 'muslim_2826', 'bukhari_1754']",False,True,"['bukhari_4398', 'bukhari_1539', 'bukhari_7160', 'bukhari_293', 'bukhari_1755', 'muslim_1475', 'bukhari_5258', 'bukhari_1731', 'bukhari_5192', 'bukhari_5251']","['bukhari_4908', 'bukhari_1860', 'bukhari_5251', 'muslim_2824', 'bukhari_1811', 'bukhari_837', 'bukhari_5332', 'bukhari_1626', 'muslim_3654', 'bukhari_1624']"
C0912,"নবী সাল্লাল্লাহু আলাইহি ওয়াসাল্লাম বলেছেন, তিনি মসজিদের কিবলার দিকে থুথু দেখতে পেয়েছিলেন। তিনি এ সম্পর্কে আলোচনা করেছেন যে, এটি মালিকের কথার সাথে সম্পর্কিত।","['muslim_1224', 'muslim_1225', 'bukhari_407', 'muslim_1228', 'bukhari_753']",True,False,"['bukhari_405', 'bukhari_6272', 'bukhari_407', 'bukhari_417', 'bukhari_1621', 'bukhari_7128', 'bukhari_753', 'bukhari_2467', 'bukhari_3597', 'bukhari_3734']","['muslim_3282', 'bukhari_1390.2', 'bukhari_498', 'bukhari_2231', 'bukhari_2603', 'muslim_4318', 'muslim_1417', 'muslim_3818', 'muslim_1616', 'muslim_4016']"
C0932,"আবু হুরায়রা (রা) বলেছেন, আমরা রাসূলুল্লাহ (সা) এর নামাযের সময় দাঁড়ানোর সময় পরিমাপ করতাম। তিনি যোহরের প্রথম দুই রাকাতে প্রায় ত্রিশ আয়াতের সমান দাঁড়াতেন এবং পরের দুই রাকাতে তার অর্ধেক সময় দাঁড়াতেন।","['muslim_1014', 'muslim_1015', 'bukhari_776', 'muslim_1013', 'muslim_1012']",False,True,"['bukhari_994', 'bukhari_1123', 'bukhari_1921', 'bukhari_6310', 'bukhari_792', 'bukhari_1080', 'bukhari_1225', 'bukhari_1134', 'bukhari_778', 'bukhari_845']","['bukhari_778', 'bukhari_759', 'bukhari_830', 'bukhari_776', 'bukhari_1227', 'bukhari_626', 'bukhari_995', 'bukhari_541', 'bukhari_1616', 'bukhari_1224']"
C0949,"নবী সাল্লাল্লাহু আলাইহি ওয়া সাল্লাম যখন শৌচাগার থেকে বের হতেন, তখন তিনি বলতেন, ""হে আল্লাহ, আমি তোমার কাছে ক্ষমা চাই।""","['muslim_614', 'muslim_329', 'bukhari_6322', 'bukhari_142', 'muslim_4665']",False,True,"['muslim_591', 'bukhari_6374', 'bukhari_794', 'muslim_483', 'bukhari_4293', 'bukhari_6307', 'bukhari_6367', 'bukhari_2823', 'bukhari_6339', 'bukhari_7477']","['bukhari_794', 'muslim_591', 'bukhari_3749', 'bukhari_6322', 'bukhari_445', 'bukhari_142', 'muslim_913', 'bukhari_4967', 'bukhari_4647', 'bukhari_424']"
C0960,"মোশাররফ আল্লাহর কাছে জিজ্ঞেস করেছিলেন, জান্নাতে সবচেয়ে কম ভাগ্যবান মানুষটি কে।","['muslim_3082', 'muslim_6228', 'muslim_7163', 'muslim_466', 'muslim_4922']",False,True,"['muslim_188', 'bukhari_6557', 'bukhari_99', 'bukhari_6570', 'muslim_187', 'bukhari_6555', 'bukhari_7289', 'bukhari_3334', 'bukhari_6562', 'bukhari_1476']","['muslim_4922', 'bukhari_6034', 'bukhari_2817', 'bukhari_5812', 'muslim_5459', 'bukhari_1339', 'muslim_4919', 'bukhari_5234', 'muslim_4886', 'bukhari_2603']"
C0965,"আমি শুনেছি যে আব্বাস বলেছেন, যে কেউ ইচ্ছাকৃতভাবে একজন মুমিনকে হত্যা করে, তারপর যদি সে তওবা করে এবং সৎ কাজ করে, তাহলে তার তওবা গ্রহণ হবে কি না, এ বিষয়ে তিনি বলেছেন, আমি নবীকে বলতে শুনেছি যে, হত্যাকারীকে হত্যা করা ব্যক্তির রক্তে ভরা অবস্থায় আল্লাহর কাছে আসতে হবে এবং আল্লাহ তাকে জিজ্ঞেস করবেন কেন সে তাকে হত্যা করেছে।","['muslim_7544', 'muslim_7541', 'bukhari_4765', 'muslim_463', 'muslim_4431']",False,True,"['bukhari_4590', 'bukhari_4766', 'bukhari_5546', 'bukhari_31', 'bukhari_6044', 'muslim_1853', 'muslim_653', 'bukhari_71', 'muslim_4792', 'bukhari_48']","['bukhari_4871', 'bukhari_4765', 'bukhari_292', 'muslim_4982', 'muslim_2389', 'bukhari_4745', 'muslim_3664', 'muslim_4793', 'bukhari_7507', 'bukhari_6875']"
C0999,"নবী মুহাম্মদ (সা.) বলেছেন যে, তিনি যখন ক্ষুধার্ত থাকতেন, তখন তিনি মাটিতে শুয়ে থাকতেন এবং অন্যদের কাছে খাবারের জন্য অনুরোধ করতেন। তিনি বলেন, জাফর বিন আবি তালিব ছিলেন গরীবদের জন্য সবচেয়ে ভালো মানুষ, যিনি তাদের খাবার দিতেন, এমনকি কখনও কখনও খালি পাত্রও নিয়ে আসতেন, যাতে তারা তা থেকে কিছু খেতে পারে।","['bukhari_5432', 'bukhari_3708', 'muslim_3336', 'muslim_4043', 'muslim_1258']",False,True,"['bukhari_252', 'muslim_1028', 'bukhari_1130', 'bukhari_491', 'bukhari_1764', 'bukhari_1160', 'bukhari_541', 'bukhari_1476', 'bukhari_288', 'bukhari_5356']","['bukhari_3480', 'bukhari_5432', 'bukhari_1476', 'bukhari_2298', 'bukhari_5371', 'bukhari_2576', 'muslim_6765', 'muslim_2610', 'bukhari_689', 'muslim_703']"
C1001,"একজন ব্যক্তি নবী মুহাম্মদ (সা.)-এর কাছে এসে বললেন যে তিনি খুব ক্লান্ত। নবী (সা.) তাঁর স্ত্রীদের কাছে খাবারের জন্য পাঠালেন, কিন্তু সবাই বললেন যে তাদের কাছে শুধু পানি আছে। এরপর একজন আনসার ব্যক্তি বললেন যে তিনি অতিথিকে রাতের খাবার দেবেন এবং তাঁর স্ত্রীকে বললেন যে শিশুদের খাবার দিয়ে অতিথিকে দেখাতে হবে যেন মনে হয় তারা খাচ্ছে। পরদিন নবী (সা.) বললেন যে আল্লাহ তাঁদের এই কাজ দেখে খুব খুশি হয়েছেন।","['muslim_5359', 'bukhari_4889', 'muslim_5362', 'muslim_885', 'muslim_4622']",False,True,"['bukhari_670', 'bukhari_3575', 'bukhari_5616', 'bukhari_2081', 'bukhari_1179', 'muslim_2569', 'bukhari_380', 'bukhari_6080', 'muslim_767', 'bukhari_3572']","['bukhari_4889', 'bukhari_2081', 'bukhari_1915', 'bukhari_5613', 'muslim_305', 'bukhari_5461', 'bukhari_2466', 'bukhari_1179', 'bukhari_6822', 'bukhari_4199']"
C1003,"রাসুলুল্লাহ (সা.) বলেছেন, আল্লাহ আমাদের জন্য শুক্রবারকে নির্ধারণ করেছেন, যখন পূর্ববর্তী জাতিগুলো শনিবার এবং রবিবার পালন করত। তিনি আমাদেরকে শুক্রবারের হেদায়েত দিয়েছেন এবং কিয়ামতের দিন আমরা তাদের অনুসারী হব।","['muslim_1982', 'muslim_1980', 'muslim_7054', 'muslim_1978', 'muslim_7015']",False,True,"['bukhari_3487', 'bukhari_3486', 'bukhari_876', 'muslim_2278', 'bukhari_7516', 'bukhari_6400', 'bukhari_238', 'bukhari_6624', 'bukhari_7036', 'bukhari_7037']","['bukhari_876', 'bukhari_3486', 'bukhari_3487', 'bukhari_897', 'bukhari_896', 'muslim_1978', 'muslim_1980', 'muslim_1982', 'bukhari_2349', 'bukhari_941']"
C1015,নবী সাল্লাল্লাহু আলাইহি ওয়াসাল্লাম একজন মৃত ব্যক্তির জন্য দাফনের পর নামাজ পড়েছিলেন।,"['muslim_2211', 'muslim_7418', 'bukhari_1340', 'muslim_3728', 'muslim_7502']",True,False,"['bukhari_1340', 'bukhari_332', 'bukhari_4085', 'bukhari_1331', 'bukhari_2295', 'bukhari_3881', 'bukhari_1321', 'bukhari_3879', 'bukhari_1245', 'bukhari_1334']","['bukhari_3877', 'bukhari_957', 'bukhari_643', 'bukhari_689', 'bukhari_925', 'bukhari_1225', 'bukhari_1247', 'bukhari_1245', 'bukhari_5546', 'bukhari_4672']"
C1032,"আমি শুনেছি যে, রাসূলুল্লাহ (সা.) তিনটি কথা বলেছিলেন বনী তামিম সম্পর্কে।","['muslim_6452', 'muslim_6451', 'muslim_6453', 'bukhari_4366', 'bukhari_2543']",True,False,"['bukhari_2858', 'bukhari_2333', 'bukhari_254', 'bukhari_156', 'bukhari_5494', 'muslim_2182', 'bukhari_1815', 'bukhari_2227', 'bukhari_4366', 'muslim_3299']","['muslim_7384', 'bukhari_2858', 'muslim_4406', 'muslim_5694', 'bukhari_7222', 'bukhari_7223', 'bukhari_5910', 'bukhari_764', 'muslim_6140', 'muslim_4696']"
C1057,"আমি মসজিদে বসে ছিলাম, তখন একজন ব্যক্তি প্রবেশ করলেন যাঁর মুখে গভীর বিনয় ছিল। সবাই বলল, ""এটি জান্নাতের একজন মানুষ।"" তিনি দুই রাকাত নামাজ পড়ে বেরিয়ে গেলেন। আমি তাঁর পেছনে গিয়ে বললাম, ""আপনি যখন মসজিদে প্রবেশ করলেন, তখন সবাই বলল আপনি জান্নাতের মানুষ।"" তিনি বললেন, ""কেউ এমন কথা বলা উচিত নয় যা সে জানে না। আমি নবী মুহাম্মদ (সা.)-এর সময় একটি স্বপ্ন দেখেছিলাম এবং সেটি তাঁকে বলেছিলাম।""","['muslim_6381', 'bukhari_3813', 'bukhari_7014', 'muslim_6382', 'muslim_6383']",False,True,"['bukhari_3679', 'bukhari_1167', 'bukhari_7024', 'bukhari_444', 'bukhari_931', 'bukhari_3192', 'bukhari_3691', 'bukhari_5982', 'bukhari_7424', 'muslim_712']","['muslim_1930', 'bukhari_3693', 'muslim_6383', 'bukhari_3742', 'bukhari_397', 'muslim_6214', 'bukhari_3865', 'bukhari_3674', 'muslim_7521', 'bukhari_3522']"
C1064,আমি শুনেছি যে নবী সাল্লাল্লাহু আলাইহি ওয়াসাল্লাম নামাজের শেষের দিকে দুইটি সিজদা করেছেন এবং তারপর সালাম ফিরিয়েছেন।,"['muslim_1271', 'muslim_1270', 'bukhari_6670', 'muslim_1269', 'bukhari_1225']",False,True,"['bukhari_715', 'muslim_591', 'bukhari_1083', 'bukhari_7250', 'bukhari_1170', 'bukhari_619', 'bukhari_627', 'bukhari_626', 'bukhari_1051', 'bukhari_6310']","['bukhari_1225', 'bukhari_4952', 'bukhari_2951', 'bukhari_767', 'bukhari_1227', 'bukhari_2394', 'bukhari_830', 'muslim_4318', 'bukhari_995', 'bukhari_576']"
C1066,"রাসূলুল্লাহ (সাল্লাল্লাহু আলাইহি ওয়া সাল্লাম) বলেছেন, আশুরার দিনে কিছু লোক সিয়াম পালন করতেন, তাই যিনি চান তিনি সিয়াম পালন করতে পারেন এবং যিনি চান তিনি তা ত্যাগ করতে পারেন।","['muslim_2647', 'muslim_2642', 'muslim_2637', 'muslim_2638', 'bukhari_2002']",False,True,"['bukhari_2000', 'bukhari_2001', 'bukhari_7265', 'bukhari_2005', 'bukhari_2007', 'bukhari_1923', 'bukhari_1892', 'bukhari_2003', 'bukhari_1924', 'muslim_1241']","['bukhari_2001', 'bukhari_1893', 'bukhari_4501', 'muslim_2642', 'bukhari_2000', 'bukhari_1924', 'bukhari_1592', 'bukhari_2007', 'bukhari_6669', 'bukhari_2002']"
C1071,"রাসূলুল্লাহ (সা.) একবার খুতবা দিচ্ছিলেন, তখন একজন এসে বললেন, ""হে রাসূল, আমাদের সম্পদ শেষ হয়ে যাচ্ছে এবং পথ বন্ধ হয়ে গেছে, আল্লাহর কাছে দোয়া করুন আমাদের সাহায্য করুন।"" রাসূল (সা.) তিনবার আল্লাহর কাছে দোয়া করলেন এবং তারপর আকাশ থেকে মেঘ এসে বৃষ্টি পড়ল। পরে, আবার একই ব্যক্তি এসে একই সমস্যার কথা বললে, রাসূল (সা.) আল্লাহর কাছে দোয়া করলেন যেন বৃষ্টি আমাদের উপর না পড়ে, এবং এরপর আমরা রোদে হাঁটতে পারলাম।","['muslim_2078', 'bukhari_1014', 'bukhari_1013', 'bukhari_1017', 'bukhari_1019']",False,True,"['muslim_898', 'bukhari_1016', 'bukhari_1145', 'bukhari_1012', 'bukhari_669', 'bukhari_6343', 'bukhari_7250', 'bukhari_1023', 'bukhari_1010', 'bukhari_7494']","['bukhari_1015', 'bukhari_6342', 'bukhari_3582', 'bukhari_2571', 'bukhari_275', 'bukhari_1013', 'bukhari_1021', 'bukhari_732', 'bukhari_6010', 'bukhari_6093']"
C1073,"জরীর বলেছেন, তিনি তার ঘরে মেয়েদের সাথে খেলছিলেন।","['muslim_6288', 'bukhari_6130', 'muslim_7063', 'muslim_6629', 'muslim_6628']",True,False,"['bukhari_6130', 'bukhari_4528', 'bukhari_6818', 'bukhari_4573', 'bukhari_7023', 'bukhari_7025', 'bukhari_3280', 'bukhari_3316', 'muslim_1275', 'bukhari_5236']","['muslim_5642', 'muslim_2637', 'muslim_4866', 'muslim_7192', 'muslim_1042', 'bukhari_3503', 'muslim_663', 'muslim_6511', 'muslim_5866', 'muslim_985']"
C1087,"নবী মুহাম্মদ (সা.) নামাজ শেষ করার পর এই দোয়া পড়তেন: ""আল্লাহ ছাড়া কোন মাবুদ নেই, তিনি একক, তাঁরই রাজত্ব এবং প্রশংসা, এবং তিনি সবকিছুর ওপর ক্ষমতাশালী।""","['muslim_1338', 'bukhari_6330', 'muslim_1071', 'muslim_1072', 'bukhari_844']",False,True,"['muslim_1343', 'bukhari_4852', 'bukhari_7431', 'bukhari_1797', 'bukhari_627', 'bukhari_2157', 'muslim_385', 'muslim_2691', 'bukhari_6321', 'bukhari_354']","['bukhari_4116', 'bukhari_1797', 'bukhari_6330', 'bukhari_844', 'bukhari_2995', 'muslim_1343', 'bukhari_7381', 'bukhari_6328', 'bukhari_4967', 'bukhari_2157']"
C1106,"আমরা জানি, আবদুল্লাহ বিন জাইদ বলেছেন যে, রাসূলুল্লাহ (সা.) যখন ওযু করতেন, তখন তিনি প্রথমে হাত ধোতেন, তারপর মুখ, এবং শেষ পর্যন্ত পা ধোতেন। তিনি মাথাও মুছতেন এবং এভাবে ওযু সম্পন্ন করতেন।","['bukhari_185', 'muslim_557', 'muslim_555', 'bukhari_186', 'muslim_538']",False,True,"['bukhari_248', 'bukhari_5017', 'bukhari_197', 'bukhari_272', 'bukhari_273', 'bukhari_191', 'bukhari_158', 'bukhari_257', 'bukhari_262', 'bukhari_182']","['bukhari_191', 'bukhari_185', 'bukhari_197', 'bukhari_736', 'muslim_236', 'bukhari_6670', 'bukhari_199', 'bukhari_957', 'bukhari_1224', 'bukhari_738']"
C1126,"আমি শুনেছি যে নবী (সাল্লাল্লাহু আলাইহি ওয়াসাল্লাম) বলেছেন, কুমারী মেয়ের বিয়ের পর সাত দিন ধরে তার জন্য অনুষ্ঠান করা উচিত।","['muslim_3627', 'bukhari_5214', 'muslim_3626', 'bukhari_5213', 'muslim_2741']",True,False,"['bukhari_5213', 'bukhari_5214', 'bukhari_5339', 'bukhari_5119', 'bukhari_1910', 'bukhari_898', 'bukhari_6476', 'bukhari_5054', 'bukhari_1087', 'bukhari_6970']","['bukhari_5339', 'muslim_1477', 'bukhari_292', 'muslim_1676', 'bukhari_1281', 'bukhari_1282', 'muslim_3268', 'muslim_1472', 'bukhari_6307', 'muslim_2672']"
C1137,"আম হরাম, আনসারের খালা, বলেছেন যে একদিন নবী (সা.) আমাদের কাছে এসেছিলেন এবং হাসতে হাসতে জেগে উঠলেন। তিনি বললেন, আমি আমার উম্মতের কিছু লোককে দেখেছি যারা সমুদ্রের উপর রাজাদের মতো চড়ে চলেছে। আম হরাম নবী (সা.) থেকে প্রার্থনা করেছিলেন যেন তিনি তাদের মধ্যে অন্তর্ভুক্ত হন, এবং নবী (সা.) তাকে বলেছিলেন, ""তুমি তাদের মধ্যে আছো।"" পরে তিনি একটি যুদ্ধের সময় সমুদ্রের কাছে গিয়েছিলেন, কিন্তু দুর্ঘটনাবশত তার ঘোড়া তাকে ফেলে দেয়।","['muslim_4935', 'muslim_4934', 'bukhari_2894', 'bukhari_2895', 'bukhari_7001']",False,True,"['bukhari_732', 'bukhari_5789', 'bukhari_2880', 'bukhari_7475', 'muslim_925', 'bukhari_7008', 'bukhari_3599', 'bukhari_2324', 'bukhari_2837', 'muslim_486']","['bukhari_2894', 'bukhari_2895', 'bukhari_2878', 'bukhari_2877', 'bukhari_6606', 'bukhari_2799', 'bukhari_2800', 'muslim_7007', 'bukhari_6891', 'bukhari_2924']"
C1160,"এক মুসলিম এবং একজন ইহুদি নিজেদের মধ্যে আলোচনা করছিলেন। মুসলিমটি বললেন যে আল্লাহ মুহাম্মদকে সমস্ত জগতের উপর নির্বাচিত করেছেন, আর ইহুদি বললেন যে আল্লাহ মূসাকে নির্বাচিত করেছেন। এরপর মুসলিমটি ইহুদিকে আঘাত করলেন এবং ইহুদিটি নবী মুহাম্মদের কাছে এই ঘটনার কথা জানালেন। নবী মুহাম্মদ বললেন, ""মূসাকে আমার সাথে তুলনা করো না, কারণ কিয়ামতের দিন মানুষ অচেতন হবে এবং আমি প্রথমে জেগে উঠব।""","['muslim_6153', 'bukhari_3408', 'bukhari_7472', 'bukhari_6517', 'bukhari_2411']",False,True,"['bukhari_3409', 'bukhari_7515', 'bukhari_4736', 'bukhari_7427', 'bukhari_7428', 'bukhari_3398', 'bukhari_2412', 'bukhari_7157', 'bukhari_4990', 'bukhari_4556']","['bukhari_7472', 'bukhari_2411', 'bukhari_6517', 'bukhari_3408', 'muslim_3998', 'muslim_5459', 'bukhari_7515', 'bukhari_1020', 'bukhari_3396', 'bukhari_3395']"
C1166,"আমি শুনেছি যে, আয়েশা রাদিয়াল্লাহু আনহা তার দুধের ভাইয়ের সামনে নবীর গোসলের পদ্ধতি বর্ণনা করেছেন। তিনি একটি পাত্রে পানি নিয়ে তিনবার মাথায় ঢেলে গোসল করেছেন।","['muslim_728', 'bukhari_251', 'muslim_3728', 'muslim_750', 'muslim_555']",True,False,"['bukhari_272', 'bukhari_273', 'bukhari_248', 'bukhari_257', 'bukhari_254', 'bukhari_197', 'bukhari_255', 'bukhari_259', 'bukhari_251', 'bukhari_5468']","['muslim_2826', 'bukhari_248', 'muslim_1717', 'muslim_4406', 'muslim_1676', 'bukhari_5468', 'muslim_650', 'bukhari_1164', 'bukhari_222', 'bukhari_272']"
C1174,"নবী মুহাম্মদ (সা.) তাঁর স্ত্রীকে বলেছেন যে, তিনি যখন ইহরাম বাঁধবেন এবং কাবা তাওয়াফ করার আগে কিছু নির্দেশনা দেবেন।","['muslim_2824', 'muslim_2831', 'muslim_2825', 'muslim_2826', 'bukhari_1754']",False,True,"['bukhari_4398', 'bukhari_1539', 'bukhari_7160', 'bukhari_293', 'bukhari_1755', 'muslim_1475', 'bukhari_5258', 'bukhari_1731', 'bukhari_5192', 'bukhari_5251']","['bukhari_4908', 'bukhari_1860', 'bukhari_5251', 'muslim_2824', 'bukhari_1811', 'bukhari_837', 'bukhari_5332', 'bukhari_1626', 'muslim_3654', 'bukhari_1624']"
C1196,"একজন ব্যক্তি বলেছেন যে, কিয়ামতের দিন একজন মানুষকে জাহান্নামে নিয়ে যাওয়া হবে এবং সেখানে তার দড়ি খুলে যাবে, ফলে সে সেখানে ঘুরতে থাকবে। তখন জাহান্নামের লোকেরা তাকে বলবে, তুমি তো আমাদের ভালো কাজ করতে বলতে এবং খারাপ কাজ থেকে বিরত থাকতে বলতে, কিন্তু তুমি নিজে তা করনি।","['bukhari_3267', 'muslim_7483', 'bukhari_7098', 'muslim_451', 'muslim_7268']",False,True,"['bukhari_6539', 'bukhari_4626', 'bukhari_3118', 'bukhari_6463', 'bukhari_3216', 'bukhari_6561', 'bukhari_5832', 'bukhari_6559', 'bukhari_7450', 'bukhari_6566']","['bukhari_7074', 'muslim_1600', 'bukhari_3267', 'muslim_5499', 'muslim_4497', 'muslim_7179', 'bukhari_7506', 'muslim_6835', 'muslim_7377', 'bukhari_1994']"
C1203,"আমি শুনেছি যে, রাসূলুল্লাহ (সা.) বলেছেন, যদি কারো মাথায় কিছু সমস্যা হয়, তাহলে তাকে মাথা কামাতে হবে। এরপর তিনি বলেছেন, তিন দিন রোজা রাখতে হবে, অথবা ছয়জন মিসকিনকে দান করতে হবে, অথবা যা কিছু সহজ হয় তা করতে হবে।","['muslim_2880', 'bukhari_1815', 'muslim_2879', 'muslim_2883', 'muslim_2881']",False,True,"['bukhari_1814', 'bukhari_6708', 'bukhari_1981', 'bukhari_254', 'bukhari_1178', 'bukhari_5703', 'muslim_238', 'bukhari_809', 'bukhari_5635', 'bukhari_5054']","['bukhari_1815', 'bukhari_1814', 'muslim_2880', 'bukhari_4190', 'bukhari_6956', 'bukhari_2678', 'bukhari_5703', 'muslim_5743', 'bukhari_4517', 'bukhari_4777']"
C1235,"নবী মুহাম্মদ (সা.) বলেছেন, যে ব্যক্তি জানাজার নামাজ পড়বে, তার জন্য এক কিরাত পুরস্কার রয়েছে। আর যে জানাজার সাথে দাফন পর্যন্ত থাকবে, তার জন্য দুই কিরাত পুরস্কার রয়েছে। তিনি আরও বলেছেন, এক কিরাত উহুদ পর্বতের চেয়েও বড়।","['muslim_2196', 'muslim_2189', 'muslim_2193', 'muslim_2192', 'bukhari_1325']",False,True,"['bukhari_651', 'muslim_662', 'bukhari_1324', 'bukhari_1323', 'bukhari_649', 'bukhari_4937', 'bukhari_648', 'muslim_1882', 'bukhari_1003', 'bukhari_1787']","['bukhari_1325', 'bukhari_47', 'bukhari_651', 'bukhari_990', 'bukhari_477', 'bukhari_647', 'bukhari_1115', 'bukhari_472', 'bukhari_1116', 'bukhari_995']"
C1250,নবী মুহাম্মদ (সা.) খাবার বা পানিতে নিঃশ্বাস নিতেন না এবং পাত্রে ফুঁক দিতেন না।,"['muslim_613', 'muslim_6959', 'muslim_6151', 'bukhari_153', 'bukhari_154']",False,True,"['bukhari_239', 'bukhari_5628', 'bukhari_6450', 'bukhari_5405', 'bukhari_5629', 'bukhari_816', 'bukhari_5630', 'bukhari_5386', 'muslim_281', 'bukhari_5415']","['bukhari_6057', 'bukhari_239', 'bukhari_585', 'bukhari_5731', 'bukhari_154', 'muslim_5029', 'bukhari_188', 'bukhari_5587', 'bukhari_3378', 'bukhari_1800']"
C1279,"রাসূলুল্লাহ (সাল্লাল্লাহু আলাইহি ওয়া সাল্লাম) বলেছেন যে, মাথার চুলের কিছু অংশ কেটে ফেলা উচিত নয়।","['muslim_5559', 'bukhari_5921', 'muslim_5190', 'muslim_5053', 'muslim_1218']",True,False,"['muslim_2325', 'bukhari_5893', 'bukhari_809', 'bukhari_5905', 'bukhari_5899', 'bukhari_5914', 'bukhari_3462', 'bukhari_5921', 'bukhari_5900', 'muslim_2670']","['bukhari_1729', 'muslim_3811', 'bukhari_2139', 'bukhari_5914', 'bukhari_6269', 'bukhari_359', 'bukhari_432', 'bukhari_5205', 'bukhari_6625', 'bukhari_852']"
C1290,"নবী সাল্লাল্লাহু আলাইহি ওয়াসাল্লাম একটি ভাষণ দিয়েছিলেন, যেখানে তিনি কিয়ামত পর্যন্ত সব বিষয় উল্লেখ করেছেন। যিনি জানেন তিনি জানেন, এবং যিনি জানেন না তিনি জানেন না।","['bukhari_6604', 'muslim_7263', 'muslim_3944', 'muslim_6850', 'muslim_4477']",False,True,"['bukhari_7410', 'bukhari_2625', 'bukhari_6021', 'bukhari_2995', 'bukhari_6539', 'bukhari_1154', 'bukhari_1039', 'bukhari_5211', 'bukhari_3348', 'bukhari_3192']","['muslim_3016', 'muslim_859', 'bukhari_6604', 'bukhari_1574', 'bukhari_491', 'bukhari_5575', 'bukhari_3192', 'bukhari_1924', 'bukhari_2656', 'bukhari_2998']"
C1301,"আমি শুনেছি যে, রমজানের রোজা যদি কেউ রাখতে না পারে, তাহলে সে শাবানের মাসে তা পূরণ করতে পারবে। এটি রাসূলুল্লাহ (সা.) এর একটি শিক্ষা।","['muslim_2687', 'bukhari_1950', 'muslim_2721', 'muslim_6009', 'muslim_716']",True,False,"['bukhari_38', 'bukhari_1950', 'bukhari_37', 'bukhari_556', 'bukhari_1912', 'bukhari_2008', 'bukhari_3569', 'bukhari_1909', 'muslim_2662', 'muslim_1723']","['bukhari_5054', 'bukhari_1969', 'bukhari_1983', 'bukhari_5769', 'bukhari_556', 'muslim_1371', 'muslim_1356', 'muslim_2732', 'bukhari_2000', 'bukhari_1914']"
C1303,"আমি শুনেছি যে, তিনি সকালে পানি নিয়ে এসে ডান হাতে পানি নিয়ে বাম হাতে ঢেলে তিনবার হাত ধোয়ার পর, ডান হাতে পানি নিয়ে তিনবার মুখে গুলে এবং তিনবার নাসিকায় পানি নেন। এরপর তিনি মাথার সামনে ও পেছনে একবার হাত বুলিয়ে নেন।","['bukhari_192', 'muslim_555', 'bukhari_1934', 'muslim_539', 'muslim_559']",False,True,"['bukhari_248', 'bukhari_257', 'bukhari_191', 'bukhari_254', 'bukhari_197', 'bukhari_162', 'bukhari_3295', 'bukhari_259', 'muslim_238', 'bukhari_161']","['bukhari_265', 'bukhari_248', 'bukhari_159', 'bukhari_191', 'bukhari_199', 'bukhari_1934', 'bukhari_186', 'bukhari_192', 'bukhari_197', 'bukhari_257']"
C1330,"নবী মুহাম্মদ (সা.) আবু তালহাকে বলেছিলেন, একটি যুবককে তার সেবায় নিযুক্ত করতে। আবু তালহা আমাকে নিয়ে বের হলেন এবং আমি নবীর সেবা করছিলাম। নবী (সা.) প্রায়ই আল্লাহর কাছে দুঃখ, হতাশা, অলসতা এবং অন্যান্য খারাপ বিষয় থেকে আশ্রয় চাইতেন। এরপর, খায়বার বিজয়ের সময় নবী (সা.) صفিয়া নামের এক নারীর প্রতি আকৃষ্ট হন এবং তাকে বিয়ে করেন। নবী (সা.) তার জন্য একটি বিশেষ খাবার তৈরি করেন এবং এটি ছিল নবীর বিয়ের উৎসব।","['bukhari_2893', 'bukhari_2235', 'muslim_3321', 'bukhari_4211', 'bukhari_5425']",False,True,"['bukhari_5169', 'bukhari_4201', 'bukhari_6685', 'bukhari_5170', 'bukhari_5160', 'bukhari_5156', 'bukhari_5216', 'bukhari_4212', 'bukhari_4397', 'bukhari_4401']","['bukhari_2893', 'muslim_2126', 'bukhari_2768', 'bukhari_3745', 'bukhari_3764', 'muslim_2429', 'bukhari_5983', 'bukhari_5467', 'bukhari_1396', 'muslim_6220']"
C1348,"নবীজি বলেছেন, যদি তুমি তোমার ভাইয়ের কাছ থেকে ফল বিক্রি কর এবং তা কোনো বিপর্যয়ের শিকার হয়, তাহলে তোমার জন্য তার থেকে কিছু নেওয়া বৈধ নয়। তোমার ভাইয়ের সম্পদকে অন্যায়ভাবে গ্রহণ করা উচিত নয়।","['muslim_3975', 'muslim_6023', 'muslim_3977', 'muslim_5063', 'muslim_7502']",False,True,"['bukhari_2139', 'bukhari_2160', 'bukhari_5142', 'bukhari_2140', 'bukhari_6727', 'bukhari_2177', 'bukhari_2194', 'bukhari_2199', 'bukhari_3096', 'bukhari_7072']","['muslim_3975', 'bukhari_2139', 'bukhari_2199', 'bukhari_2160', 'bukhari_2415', 'bukhari_2460', 'bukhari_5266', 'muslim_3811', 'muslim_5643', 'bukhari_3673']"
C1349,"নবীজি বলেছেন, সব মদই হারাম এবং যে ব্যক্তি এই দুনিয়ায় মদ পান করে এবং মৃত্যুর আগে তা থেকে বিরত হয় না, সে আখিরাতে মদ পান করতে পারবে না।","['muslim_5218', 'muslim_5219', 'muslim_5221', 'muslim_5224', 'muslim_5222']",False,True,"['bukhari_5575', 'bukhari_242', 'bukhari_5628', 'bukhari_4497', 'bukhari_5585', 'bukhari_5832', 'bukhari_5506', 'bukhari_5601', 'bukhari_5587', 'bukhari_1365']","['bukhari_5575', 'muslim_5218', 'muslim_1982', 'bukhari_239', 'muslim_5207', 'muslim_5222', 'bukhari_853', 'muslim_6772', 'muslim_1510', 'muslim_5426']"
C1350,"একজন মহিলা বলেছেন, তিনি যখন পিরিয়ডে ছিলেন এবং তার শরীরে অন্য কিছু ছিল, তখন তিনি দেখতে পান যে তার পোশাকে একটি রক্তের দাগ পড়েছে, তখন তিনি তা নিজের ল saliva দিয়ে মুছে ফেলেন।","['bukhari_312', 'muslim_480', 'muslim_675', 'muslim_731', 'muslim_752']",True,False,"['bukhari_308', 'bukhari_312', 'bukhari_230', 'bukhari_314', 'bukhari_232', 'bukhari_2037', 'bukhari_310', 'bukhari_227', 'bukhari_307', 'bukhari_309']","['bukhari_309', 'bukhari_307', 'bukhari_5722', 'bukhari_2903', 'bukhari_310', 'bukhari_162', 'bukhari_2466', 'bukhari_2037', 'bukhari_4075', 'bukhari_5724']"
C1362,"মোশাররফ আল্লাহর কাছে জানতে চেয়েছিলেন, জান্নাতে সবচেয়ে কম ভাগ্যবান ব্যক্তি কে।","['muslim_3082', 'muslim_6228', 'muslim_7163', 'muslim_466', 'muslim_4922']",False,True,"['muslim_188', 'bukhari_6557', 'bukhari_99', 'bukhari_6570', 'muslim_187', 'bukhari_3334', 'bukhari_6555', 'bukhari_7289', 'bukhari_1476', 'bukhari_129']","['muslim_4922', 'bukhari_2817', 'bukhari_6034', 'bukhari_1339', 'muslim_4919', 'bukhari_5812', 'bukhari_2795', 'muslim_5459', 'muslim_4886', 'muslim_166']"
C1367,"রাসূলুল্লাহ (সা.) বলেছেন, আল্লাহ আমাদের জন্য শুক্রবারকে নির্ধারণ করেছেন, যখন পূর্ববর্তী জাতিগুলোর জন্য শনিবার এবং রবিবার ছিল। তিনি আমাদেরকে এই দিনটি দিয়েছেন এবং কিয়ামতের দিন আমরা তাদের জন্য প্রথম হবে।","['muslim_1982', 'muslim_1980', 'muslim_7054', 'muslim_1978', 'muslim_1981']",False,True,"['bukhari_3486', 'bukhari_3487', 'muslim_2278', 'bukhari_876', 'bukhari_238', 'bukhari_6624', 'bukhari_7037', 'bukhari_7036', 'bukhari_7516', 'bukhari_6533']","['bukhari_876', 'bukhari_3487', 'bukhari_3486', 'bukhari_896', 'bukhari_897', 'muslim_1980', 'muslim_1982', 'muslim_1978', 'bukhari_6328', 'bukhari_3943']"
C1368,"আমি শুনেছি, সেহল বিন হানিফ বলেছিলেন যে, আমাদের নিজেদের পরীক্ষা করা উচিত, কারণ আমরা রাসূলুল্লাহর সাথে হুদাইবিয়ায় ছিলাম এবং যদি যুদ্ধের পরিস্থিতি সৃষ্টি হত, আমরা লড়াই করতাম। عمر বিন খাত্তাব রাসূলুল্লাহর কাছে গিয়ে বললেন, আমরা কি সত্যের পথে নই এবং তারা কি মিথ্যার পথে? রাসূলুল্লাহ বললেন, ""হ্যাঁ।"" عمر বললেন, আমাদের কি দীন থেকে পিছিয়ে আসা উচিত? রাসূলুল্লাহ বললেন, ""আমি আল্লাহর রসূল, আল্লাহ আমাকে কখনো হারাতে দেবেন না।""","['muslim_4633', 'bukhari_3182', 'bukhari_4844', 'muslim_1615', 'muslim_7007']",False,True,"['bukhari_4132', 'bukhari_1815', 'bukhari_4673', 'muslim_1787', 'bukhari_6620', 'bukhari_6470', 'bukhari_4316', 'bukhari_2947', 'bukhari_5454', 'bukhari_5384']","['bukhari_3182', 'bukhari_7308', 'bukhari_4844', 'bukhari_4189', 'bukhari_3694', 'muslim_989', 'muslim_4633', 'bukhari_2255', 'bukhari_2254', 'bukhari_6264']"
C1372,"আমি শুনেছি, নবী সাল্লাল্লাহু আলাইহি ওয়া সাল্লাম একটি চামড়ার তাঁবুর মধ্যে ছিলেন এবং তিনি কিছু কথা বলছিলেন।","['muslim_2301', 'muslim_2025', 'muslim_4742', 'muslim_1119', 'bukhari_5860']",True,False,"['bukhari_204', 'bukhari_5860', 'bukhari_1540', 'bukhari_7185', 'bukhari_1841', 'muslim_2081', 'bukhari_6214', 'bukhari_2865', 'bukhari_3802', 'bukhari_1621']","['bukhari_767', 'bukhari_5047', 'bukhari_1835', 'muslim_5168', 'bukhari_4842', 'bukhari_2471', 'muslim_5188', 'bukhari_4952', 'muslim_1621', 'muslim_3282']"
C1374,"আমি শুনেছি যে, রজার মাধ্যমে সম্পর্কিত ব্যক্তি একইভাবে নিষিদ্ধ, যেমন বংশগত সম্পর্কের ক্ষেত্রে।","['muslim_3584', 'muslim_3583', 'muslim_3579', 'bukhari_2645', 'bukhari_5100']",True,False,"['bukhari_5111', 'bukhari_5110', 'bukhari_5098', 'muslim_5128', 'bukhari_5108', 'muslim_4969', 'muslim_3592', 'muslim_1417', 'bukhari_6974', 'bukhari_2645']","['bukhari_5110', 'bukhari_5111', 'bukhari_1877', 'muslim_3811', 'muslim_3818', 'muslim_3350', 'muslim_4016', 'muslim_5222', 'muslim_1510', 'muslim_6630']"
C1398,"রাসূলুল্লাহ (সা.) আমাদের বলেছিলেন যে, তিনি আমাদের সাথে একটি চুক্তি করতে চান যাতে আমরা আল্লাহর সাথে কিছুই শিরক না করি, ব্যভিচার না করি, চুরি না করি এবং নিষিদ্ধ প্রাণীকে হত্যা না করি। যিনি এই চুক্তি পালন করবেন, তার জন্য আল্লাহর কাছে পুরস্কার রয়েছে, আর যারা এসব অপরাধ করবে, তাদের জন্য আল্লাহর কাছে ক্ষমা বা শাস্তির বিষয়টি রয়েছে।","['muslim_4461', 'bukhari_6784', 'bukhari_4894', 'bukhari_7213', 'bukhari_3892']",False,True,"['bukhari_6625', 'bukhari_6339', 'bukhari_1436', 'bukhari_2087', 'bukhari_1826', 'bukhari_7477', 'bukhari_6696', 'bukhari_5645', 'bukhari_6700', 'bukhari_3116']","['bukhari_3893', 'bukhari_6873', 'bukhari_5075', 'bukhari_7213', 'bukhari_6784', 'bukhari_7468', 'bukhari_7532', 'bukhari_18', 'muslim_3410', 'bukhari_4615']"
C1408,"রাসূলুল্লাহ (সা.) তাঁর অসুস্থতার সময় বলেছিলেন, ""আমার জন্য সালাতের সময় হয়েছে।"" তিনি আবু বকর (রা.)-কে নির্দেশ দেন যেন তিনি মুসল্লিদের সামনে সালাত পড়ান। এরপর তিনি আবার অসুস্থ হয়ে পড়েন, কিন্তু সালাতের জন্য বারবার একই কথা বলতেন।","['muslim_941', 'muslim_940', 'muslim_936', 'muslim_949', 'bukhari_678']",False,True,"['bukhari_5016', 'bukhari_688', 'bukhari_703', 'bukhari_1232', 'muslim_841', 'muslim_919', 'bukhari_785', 'bukhari_1153', 'bukhari_464', 'bukhari_4968']","['bukhari_701', 'bukhari_678', 'bukhari_641', 'bukhari_945', 'bukhari_1216', 'bukhari_2394', 'bukhari_830', 'bukhari_3385', 'muslim_653', 'bukhari_494']"
C1469,"আয়েশা বলেছেন, রাসূলুল্লাহ (সা.) এর সময় সূর্যগ্রহণ হলে সবাইকে একত্রিত হয়ে নামাজ পড়ার জন্য ডাকা হয়েছিল। এরপর তিনি চার রাকাত নামাজ পড়িয়েছিলেন, যা দুই রাকাতের মধ্যে চার সিজদা ছিল।","['muslim_2092', 'muslim_2094', 'muslim_2093', 'muslim_2091', 'muslim_2111']",True,False,"['bukhari_1064', 'bukhari_5785', 'bukhari_1051', 'bukhari_6310', 'bukhari_715', 'bukhari_1062', 'bukhari_994', 'bukhari_1162', 'muslim_2093', 'bukhari_1164']","['bukhari_1164', 'bukhari_1045', 'bukhari_1111', 'bukhari_626', 'bukhari_1110', 'bukhari_1715', 'bukhari_1108', 'bukhari_1051', 'bukhari_3935', 'bukhari_1159']"
C1474,"নবী সাল্লাল্লাহু আলাইহি ওয়াসাল্লাম বলেছেন, প্রতি সোমবার ও বৃহস্পতিবার জান্নাতের দরজা খোলা হয় এবং এই দিনগুলোতে আল্লাহর কাছে যারা শিরক করে না, তাদের জন্য ক্ষমা করা হয়। তবে যদি কারো মধ্যে তার ভাইয়ের প্রতি শত্রুতা থাকে, তাদেরকে তখন পর্যন্ত অপেক্ষা করতে বলা হয় যতক্ষণ না তারা একে অপরের সঙ্গে মীমাংসা না করে।","['muslim_6546', 'muslim_6544', 'muslim_6545', 'muslim_6547', 'muslim_268']",False,True,"['bukhari_2826', 'bukhari_1899', 'bukhari_3277', 'bukhari_445', 'bukhari_1898', 'bukhari_1442', 'muslim_2703', 'bukhari_35', 'muslim_2580', 'muslim_197']","['bukhari_935', 'bukhari_2678', 'bukhari_6328', 'bukhari_445', 'muslim_6544', 'muslim_6545', 'bukhari_3304', 'muslim_849', 'bukhari_910', 'bukhari_6339']"
C1477,"একজন বলেছেন, ""আপনার কি যথেষ্ট নয় যে আপনি আপনার হাত আপনার থাইয়ের উপর রাখেন এবং তারপর আপনার ডান ও বাম পাশে থাকা ভাইদের সালাম দেন?""","['muslim_970', 'muslim_1638', 'muslim_7106', 'muslim_5503', 'muslim_1230']",False,True,"['bukhari_2662', 'bukhari_740', 'bukhari_6644', 'bukhari_6237', 'bukhari_790', 'muslim_551', 'muslim_6526', 'bukhari_6534', 'bukhari_6162', 'muslim_1035']","['bukhari_475', 'muslim_5503', 'bukhari_790', 'bukhari_6237', 'bukhari_359', 'muslim_970', 'muslim_3979', 'bukhari_5294', 'bukhari_5620', 'bukhari_5969']"
C1513,"রাসূলুল্লাহ (সা.) বলেছেন, যে দুইজন একে অপরকে গালিগালাজ করে তাদের হিসাব আল্লাহর কাছে হবে। যদি একজন সত্যি বলে, তাহলে তার জন্য কিছু নেই, কিন্তু যদি মিথ্যা বলে, তাহলে তার জন্য তা আরও দূরে।","['muslim_3748', 'bukhari_5350', 'bukhari_5312', 'muslim_3743', 'muslim_4387']",True,False,"['bukhari_5350', 'bukhari_2677', 'bukhari_2676', 'bukhari_6107', 'muslim_2606', 'bukhari_2673', 'bukhari_7528', 'bukhari_6213', 'bukhari_6625', 'bukhari_7212']","['bukhari_7430', 'bukhari_6625', 'bukhari_6221', 'bukhari_41', 'bukhari_6061', 'bukhari_2826', 'bukhari_6226', 'bukhari_796', 'bukhari_6223', 'bukhari_6162']"
C1527,"একজন ব্যক্তি নবী সাল্লাল্লাহু আলাইহি ওয়াসাল্লামের কাছে এসে বললেন, ""হে রাসূল, আমি রাতে স্বপ্নে দেখেছি একটি ছায়া, যা ঘি ও মধু দিয়ে পরিপূর্ণ ছিল।""","['muslim_5929', 'muslim_5928', 'muslim_5930', 'bukhari_7046', 'muslim_5927']",False,True,"['bukhari_7475', 'bukhari_3354', 'bukhari_246', 'bukhari_6096', 'bukhari_82', 'bukhari_2791', 'bukhari_1127', 'bukhari_7008', 'bukhari_7128', 'bukhari_6989']","['bukhari_6999', 'bukhari_7343', 'bukhari_1534', 'bukhari_3354', 'muslim_5929', 'bukhari_7128', 'bukhari_5902', 'bukhari_7231', 'bukhari_564', 'bukhari_3236']"
C1529,"আমি শুনেছি যে, একজন ব্যক্তি বলেছিল যে, তিনি উসমানকে কথা বলার জন্য যেতে চাননি কারণ তিনি প্রথমে কিছু শুরু করতে চাননি। তিনি বলেছেন, কিয়ামতের দিন একজন মানুষকে যখন জাহান্নামে নেওয়া হবে, তখন তার পেটের অন্ত্র বেরিয়ে আসবে এবং তিনি সেখান থেকে ঘুরতে থাকবেন, আর জাহান্নামের লোকেরা তাকে বলবে, ""তুমি তো ভালো কাজের কথা বলতে এবং খারাপ কাজ থেকে বিরত থাকতে বলেছিলে, তাহলে তুমি কেন তা করনি?""","['muslim_7483', 'bukhari_3267', 'bukhari_7098', 'muslim_451', 'muslim_454']",False,True,"['bukhari_5673', 'bukhari_6463', 'bukhari_6561', 'muslim_7121', 'bukhari_6539', 'bukhari_7506', 'muslim_2807', 'bukhari_3192', 'bukhari_3216', 'bukhari_3118']","['bukhari_3267', 'bukhari_7098', 'muslim_366', 'muslim_3157', 'muslim_3156', 'bukhari_5146', 'muslim_5779', 'muslim_7483', 'bukhari_3451', 'bukhari_3452']"
C1545,"রাসূলুল্লাহ (সাল্লাল্লাহু আলাইহি ওয়াসাল্লাম) বলেছেন যে, একজন মানুষের গঠন তার মায়ের পেটে প্রথম ৪০ দিন হয়, তারপর ৪০ দিন আলাকায় এবং এরপর ৪০ দিন মাংসের টুকরো আকারে থাকে। এরপর আল্লাহ একজন ফেরেশতাকে পাঠান, যিনি তার ভাগ্য, জীবিকা এবং মৃত্যুর সময় নির্ধারণ করেন।","['muslim_6723', 'bukhari_3208', 'bukhari_3332', 'bukhari_6594', 'bukhari_7454']",False,True,"['muslim_2646', 'bukhari_3333', 'bukhari_6227', 'bukhari_3548', 'bukhari_3326', 'muslim_2644', 'bukhari_6595', 'bukhari_5396', 'bukhari_318', 'bukhari_6600']","['bukhari_3208', 'bukhari_3333', 'bukhari_6595', 'bukhari_318', 'bukhari_3332', 'bukhari_4746', 'bukhari_4697', 'muslim_2646', 'bukhari_5251', 'bukhari_1817']"
C1547,"আমি শুনেছি যে আবু বকর এবং উমর বলেছেন, যে কেউ যদি কুরআনকে তার আসল রূপে পড়তে চায়, তাহলে তাকে আবন উম আব্দের পড়ার পদ্ধতিতে পড়তে হবে।","['muslim_1904', 'muslim_1916', 'muslim_6210', 'muslim_3597', 'muslim_1890']",False,True,"['bukhari_3806', 'bukhari_4937', 'bukhari_5049', 'bukhari_5056', 'bukhari_5028', 'bukhari_7364', 'muslim_1706', 'bukhari_4999', 'bukhari_5464', 'bukhari_3756.2']","['muslim_6666', 'muslim_1916', 'muslim_5873', 'bukhari_1740', 'bukhari_4944', 'muslim_4947', 'muslim_7470', 'bukhari_894', 'muslim_470', 'muslim_3348']"
C1553,"আমি শুনেছি, একজন ব্যক্তি অসুস্থ হলে নবী (সা.) এবং আবু বকর (রা.) তার খোঁজ নিতে গিয়েছিলেন। তিনি যখন জ্ঞান ফিরে পান, তখন নবী (সা.) তাকে বলেন যে আল্লাহ কিভাবে তার সম্পত্তি বণ্টন করতে হবে তা নির্দেশ দিয়েছেন।","['muslim_4145', 'muslim_4147', 'bukhari_6723', 'bukhari_7309', 'bukhari_5651']",True,False,"['bukhari_5651', 'bukhari_5676', 'bukhari_4577', 'muslim_1765', 'bukhari_2402', 'muslim_2627', 'bukhari_194', 'bukhari_2759', 'bukhari_5351', 'bukhari_2429']","['bukhari_3128', 'muslim_815', 'bukhari_4030', 'muslim_2808', 'bukhari_3480', 'bukhari_2535', 'muslim_1417', 'muslim_5041', 'muslim_4005', 'bukhari_7264']"
C1571,"আমি শুনেছি, তিনি চারটি উমরাহ পালন করেছেন, যার মধ্যে একটি ছিল হুদায়বিয়ার সাথে এবং অন্যগুলো ছিল জিরআনা ও হুনাইন যুদ্ধের পর।","['bukhari_1780', 'muslim_3032', 'bukhari_4148', 'bukhari_1778', 'bukhari_1779']",True,False,"['bukhari_1780', 'bukhari_1778', 'bukhari_1188', 'bukhari_1089', 'bukhari_4820', 'bukhari_3066', 'bukhari_4825', 'bukhari_1084', 'bukhari_4314', 'bukhari_1546']","['muslim_1476', 'muslim_3085', 'muslim_3857', 'muslim_4442', 'muslim_3258', 'muslim_5372', 'muslim_2672', 'muslim_3962', 'muslim_5104', 'muslim_6481']"
C1580,"নবীজি বলেছেন, কেউ যদি তার দান ফিরিয়ে নেয়, তবে সেটা শুধুমাত্র তার সন্তানদের জন্য বৈধ। অন্যথায়, দান ফিরিয়ে নেওয়া যেমন বমি ফিরে খাওয়ার মতো।","['muslim_4174', 'bukhari_2621', 'muslim_4176', 'bukhari_2622', 'bukhari_2589']",True,False,"['bukhari_6975', 'bukhari_2589', 'bukhari_2621', 'bukhari_2622', 'bukhari_6437', 'bukhari_2387', 'bukhari_6436', 'bukhari_2398', 'bukhari_1521', 'bukhari_2402']","['bukhari_7430', 'bukhari_2298', 'bukhari_6436', 'bukhari_5264', 'bukhari_1358', 'bukhari_5371', 'bukhari_6625', 'bukhari_2553', 'bukhari_2523', 'bukhari_2435']"
C1589,"হযরত আবু হুরায়রা (রা) বলেছেন, রাসূলুল্লাহ (সা) বলেছেন, তোমরা পরস্পরের সঙ্গে বিরোধী আচরণ করো না, একে অপরের পেছনে দৌড়াও না, এবং একে অপরের ব্যবসায় হস্তক্ষেপ করো না। বরং তোমরা আল্লাহর বান্দা হিসেবে ভাই ভাই হয়ে থাকো।","['muslim_6537', 'muslim_6541', 'muslim_6536', 'muslim_6538', 'muslim_6526']",True,False,"['bukhari_6076', 'bukhari_6724', 'bukhari_6064', 'bukhari_6065', 'bukhari_6066', 'muslim_6526', 'bukhari_2140', 'bukhari_2139', 'bukhari_5143', 'bukhari_5144']","['bukhari_6064', 'bukhari_6724', 'muslim_5503', 'bukhari_6166', 'bukhari_6869', 'bukhari_7077', 'bukhari_6868', 'bukhari_4405', 'bukhari_6768', 'muslim_5875']"
C1594,"আমার জানা মতে, রাসূলুল্লাহ (সা.) عمرের মেয়ে عاصيةকে 'জামিলা' নামে ডাকতেন।","['muslim_5605', 'muslim_5604', 'muslim_6290', 'muslim_6318', 'muslim_4573']",True,False,"['muslim_5605', 'muslim_2140', 'muslim_5565', 'bukhari_5655', 'bukhari_5936', 'bukhari_6192', 'bukhari_6655', 'bukhari_3432', 'bukhari_516', 'bukhari_1284']","['muslim_6996', 'muslim_2827', 'bukhari_3432', 'muslim_198', 'bukhari_3740', 'bukhari_3741', 'bukhari_5936', 'bukhari_2000', 'muslim_812', 'muslim_4532']"
C1646,"আবু বুরদা এবং আবদুল্লাহ বিন শাদাদ বলেছেন যে, তারা আবদুর রহমান বিন আবজি এবং আবদুল্লাহ বিন আবী আওফার কাছে গিয়েছিলেন। সেখানে তারা জানিয়েছেন যে, তারা রাসূলুল্লাহ (সা.)-এর সাথে মাগানিম লাভ করতেন এবং তখন শাম অঞ্চলের কিছু লোক তাদের কাছে এসে গম, বার্লি এবং কিশমিশের জন্য নির্দিষ্ট সময়ে ঋণ নিতেন।","['bukhari_2254', 'bukhari_2255', 'bukhari_2244', 'bukhari_2242', 'bukhari_2243']",False,True,"['bukhari_6441', 'muslim_1721', 'bukhari_2386', 'bukhari_6353', 'bukhari_3049', 'bukhari_2577', 'bukhari_2068', 'bukhari_3190', 'bukhari_3134', 'bukhari_5499']","['bukhari_2242', 'bukhari_2243', 'bukhari_2254', 'bukhari_2255', 'muslim_2052', 'muslim_4075', 'muslim_3162', 'muslim_3909', 'muslim_4472', 'muslim_4169']"
C1652,"আমি শুনেছি যে, একজন ব্যক্তি বলেছিলেন যে তিনি নামাজ পড়ছেন, কিন্তু আসলে তিনি নামাজের উদ্দেশ্যে পড়ছেন না; বরং তিনি আমাদেরকে দেখাতে চান যে কিভাবে তিনি রাসূলুল্লাহ (সা.)-কে নামাজ পড়তে দেখেছেন।","['bukhari_677', 'bukhari_824', 'muslim_1060', 'muslim_2091', 'muslim_3690']",False,True,"['muslim_1156', 'bukhari_137', 'bukhari_1170', 'bukhari_751', 'bukhari_965', 'bukhari_647', 'bukhari_702', 'bukhari_401', 'muslim_961', 'bukhari_370']","['bukhari_5615', 'bukhari_824', 'bukhari_1223', 'muslim_3841', 'bukhari_4871', 'muslim_2816', 'bukhari_670', 'muslim_1510', 'muslim_4167', 'bukhari_6936']"
C1666,"আমি শুনেছি আবু দারদা বলেছেন যে, আল্লাহ তাঁর নবী (সাল্লাল্লাহু আলাইহি ওয়াসাল্লাম) এর মাধ্যমে আম্মারকে শয়তানের হাত থেকে রক্ষা করেছেন। এটা সত্যিই আশ্চর্যজনক!","['bukhari_3287', 'muslim_905', 'bukhari_3743', 'muslim_6691', 'muslim_906']",True,False,"['bukhari_7129', 'muslim_7107', 'muslim_5303', 'bukhari_3287', 'muslim_2516', 'bukhari_2039', 'bukhari_907', 'bukhari_7093', 'bukhari_3284', 'bukhari_1222']","['muslim_2613', 'bukhari_2535', 'muslim_471', 'bukhari_7271', 'bukhari_6484', 'muslim_1328', 'muslim_2827', 'muslim_6996', 'bukhari_7554', 'muslim_1039']"
C1667,"আমি শুনেছি, রাসূলুল্লাহ (সা.) হজের সময় মক্কায় প্রবেশ করার পর তাঁর স্ত্রীদের জন্য গরুর মাংস কোরবানি দিয়েছিলেন। আয়েশা (রা.) বলেছিলেন যে, তিনি এই ঘটনা সম্পর্কে জানিয়েছিলেন।","['bukhari_1720', 'bukhari_2952', 'muslim_2925', 'bukhari_1709', 'muslim_2919']",False,True,"['bukhari_2980', 'bukhari_5559', 'bukhari_5424', 'bukhari_5567', 'bukhari_2485', 'bukhari_5511', 'muslim_1939', 'bukhari_5437', 'muslim_1124', 'bukhari_4226']","['bukhari_5170', 'bukhari_1720', 'bukhari_2952', 'bukhari_5115', 'bukhari_1709', 'bukhari_4182', 'bukhari_1539', 'bukhari_5548', 'bukhari_2011', 'bukhari_7421']"
C1668,"আমি শুনেছি যে, যখন মুঅাজ্জিন আজান দিচ্ছিল, তখন মাওয়িয়া বলেছিলেন, ""আল্লাহু আকবার"" এবং ""আমি সাক্ষ্য দিচ্ছি যে আল্লাহ ছাড়া কোনো ইলাহ নেই""। এরপর তিনি আরও বলেছিলেন, ""আমি সাক্ষ্য দিচ্ছি যে মুহাম্মদ আল্লাহর রাসূল""। তিনি বলেছেন যে, তিনি এই কথাগুলো রাসূলুল্লাহর মুখ থেকে শুনেছেন।","['bukhari_914', 'muslim_850', 'muslim_847', 'muslim_842', 'muslim_851']",False,True,"['bukhari_2157', 'bukhari_612', 'bukhari_4896', 'bukhari_5222', 'bukhari_5811', 'muslim_385', 'bukhari_71', 'bukhari_926', 'bukhari_7274', 'bukhari_6265']","['bukhari_914', 'bukhari_612', 'bukhari_4980', 'muslim_850', 'muslim_142', 'bukhari_4871', 'bukhari_5222', 'muslim_366', 'muslim_1088', 'bukhari_7139']"
C1670,"নবী (সা.) বলেছেন, যে নারী আল্লাহ ও পরকালের উপর বিশ্বাসী, সে তিন দিনের বেশি মৃতের জন্য শোক পালন করতে পারবে না, কেবল তার স্বামী মারা গেলে সে চার মাস দশ দিন শোক পালন করবে।","['muslim_3734', 'muslim_3729', 'muslim_3728', 'bukhari_1281', 'bukhari_1282']",False,True,"['bukhari_5339', 'muslim_1491', 'bukhari_5342', 'bukhari_5340', 'bukhari_1086', 'muslim_1489', 'bukhari_5335', 'bukhari_1087', 'bukhari_5341', 'bukhari_1279']","['bukhari_5339', 'bukhari_5342', 'bukhari_5335', 'bukhari_1088', 'bukhari_5345', 'bukhari_1281', 'bukhari_1282', 'bukhari_5334', 'muslim_1489', 'muslim_3734']"
C1680,"রাসূলুল্লাহ (সা.) বলেছেন, ""হে কুরাইশ, তোমরা আল্লাহর কাছে নিজেদের রক্ষা করো, আমি তোমাদের জন্য আল্লাহর কাছে কিছুই করতে পারবো না।"" তিনি তাঁর পরিবারের সদস্যদেরও একই কথা বলেছেন, যে আমি তোমাদের জন্য আল্লাহর কাছে কিছুই করতে পারবো না।","['muslim_504', 'bukhari_2753', 'bukhari_4771', 'muslim_503', 'muslim_501']",False,True,"['bukhari_6625', 'bukhari_6339', 'bukhari_3512', 'bukhari_6616', 'bukhari_6463', 'bukhari_6648', 'bukhari_3504', 'bukhari_7052', 'bukhari_3381', 'bukhari_7468']","['bukhari_3527', 'bukhari_6625', 'muslim_6412', 'bukhari_2753', 'bukhari_7388', 'bukhari_7387', 'bukhari_834', 'bukhari_6326', 'bukhari_3370', 'bukhari_4779']"
C1705,"আমি শুনেছি, যখন একজন ব্যক্তি অসুস্থ ছিলেন, তখন রাসূলুল্লাহ (সা.) এবং আবু বকর (রা.) তার খোঁজে আসেন। তারা তাকে দেখে পানির সাহায্যে তাওয়াজ্জুহ করেন।","['muslim_4145', 'bukhari_5651', 'bukhari_6723', 'bukhari_7309', 'muslim_4147']",True,False,"['bukhari_5016', 'bukhari_169', 'bukhari_7309', 'bukhari_3573', 'bukhari_187', 'bukhari_7022', 'bukhari_7129', 'bukhari_388', 'muslim_1156', 'bukhari_2588']","['muslim_815', 'bukhari_7019', 'bukhari_5697', 'bukhari_1835', 'bukhari_2472', 'bukhari_7022', 'bukhari_152', 'bukhari_4871', 'bukhari_264', 'bukhari_3664']"
C1708,"আমি শুনেছি যে, নবী মুহাম্মদ (সা.) বলেছেন, একজন মুসলিম নারীকে তার স্বামীর মৃত্যুর পর তিন দিনের বেশি শোক পালন করা উচিত নয়, তবে স্বামী মারা গেলে চার মাস এবং দশ দিন শোক পালন করা যাবে।","['muslim_3728', 'muslim_3725', 'muslim_3726', 'muslim_3727', 'bukhari_1281']",False,True,"['bukhari_5339', 'bukhari_5340', 'muslim_1491', 'muslim_1489', 'bukhari_5342', 'bukhari_5341', 'bukhari_1279', 'bukhari_1086', 'bukhari_1087', 'bukhari_1907']","['bukhari_5339', 'bukhari_5345', 'bukhari_1282', 'bukhari_1281', 'muslim_3729', 'bukhari_5334', 'bukhari_5335', 'bukhari_5342', 'bukhari_1197', 'bukhari_1087']"
C1715,"রাসূলুল্লাহ (সা.) যখন ওযু করলেন, তখন তিনি প্রথমে তিনবার হাত ধোয়া, তিনবার মুখে পানি নেওয়া এবং তিনবার নাকের মধ্যে পানি দেওয়া করলেন। এরপর তিনবার মুখ ধোয়ার পর তিনবার হাতের কনুই পর্যন্ত ধোয়া এবং শেষে মাথা ও কান মুছে দিলেন।","['muslim_555', 'muslim_559', 'bukhari_1934', 'bukhari_164', 'muslim_538']",False,True,"['bukhari_248', 'bukhari_257', 'bukhari_2918', 'bukhari_197', 'bukhari_191', 'bukhari_5017', 'bukhari_5798', 'bukhari_188', 'bukhari_162', 'bukhari_273']","['bukhari_248', 'bukhari_265', 'bukhari_159', 'bukhari_191', 'bukhari_197', 'bukhari_257', 'bukhari_1616', 'bukhari_1934', 'bukhari_185', 'bukhari_199']"
C1730,"হজ্জাজ বিন ইউসুফ একবার আব্দুল্লাহকে জিজ্ঞেস করেছিলেন, আরাফার দিন কীভাবে নামাজ পড়বেন। আব্দুল্লাহ বলেছিলেন, তারা সাধারণত যোহর ও আসর একত্রে পড়তেন। সালেম বললেন, এটা তো রাসূলুল্লাহর সুন্নাহ।","['bukhari_1662', 'bukhari_3665', 'muslim_2747', 'bukhari_1660', 'muslim_2636']",False,True,"['bukhari_560', 'bukhari_1068', 'bukhari_891', 'bukhari_778', 'bukhari_759', 'bukhari_577', 'bukhari_565', 'bukhari_1106', 'bukhari_1923', 'bukhari_618']","['bukhari_1662', 'bukhari_157', 'bukhari_1984', 'bukhari_179', 'bukhari_358', 'bukhari_1106', 'bukhari_957', 'bukhari_2025', 'bukhari_700', 'muslim_618']"
C1733,"আমি শুনেছি যে, নবী সাল্লাল্লাহু আলাইহি ওয়াসাল্লাম বলেছেন, যদি কেউ তার জমি দান করতে চায়, তবে সে তার মূল জমিটি বিক্রি বা হস্তান্তর না করে গরিবদের জন্য দান করতে পারে। তিনি আরও বলেছেন যে, যারা এই জমির তত্ত্বাবধান করবে, তারা এর থেকে সাধারণভাবে খেতে বা বন্ধুদের খাওয়াতে পারে।","['muslim_4224', 'bukhari_2772', 'bukhari_2737', 'bukhari_2764', 'bukhari_2773']",False,True,"['bukhari_2632', 'muslim_1544', 'bukhari_2341', 'bukhari_2340', 'bukhari_2133', 'bukhari_2342', 'bukhari_2398', 'bukhari_2330', 'bukhari_3600', 'muslim_1721']","['bukhari_2340', 'bukhari_2341', 'bukhari_2772', 'bukhari_2330', 'bukhari_2764', 'bukhari_5371', 'bukhari_2298', 'bukhari_2342', 'bukhari_2339', 'muslim_1544']"
C1768,"রাসূলুল্লাহ (সাল্লাল্লাহু আলাইহি ওয়াসাল্লাম) আমাকে বলেছিলেন, ""হে আল্লাহ, আমি তোমার কাছে হিদায়াত ও সঠিক পথের জন্য প্রার্থনা করছি।""","['muslim_6912', 'muslim_6911', 'muslim_6904', 'muslim_1652', 'muslim_1021']",False,True,"['bukhari_4797', 'muslim_2720', 'bukhari_2397', 'bukhari_7388', 'bukhari_7387', 'bukhari_3228', 'bukhari_6360', 'bukhari_7052', 'bukhari_7159', 'bukhari_703']","['muslim_6912', 'bukhari_6326', 'bukhari_424', 'muslim_6911', 'bukhari_2836', 'bukhari_794', 'bukhari_419', 'bukhari_6307', 'bukhari_2603', 'bukhari_3749']"
C1809,"আমি শুনেছি যে রাসূলুল্লাহ (সা.) বলেছেন, একবার তিনি কিছু সময়ের জন্য আল্লাহর ওহী থেকে বঞ্চিত ছিলেন। এরপর যখন তিনি হাঁটছিলেন, তখন তিনি ভয়াবহ এক অনুভূতি অনুভব করেন এবং মাটিতে পড়ে যান।","['muslim_407', 'muslim_406', 'bukhari_4926', 'bukhari_3238', 'bukhari_6214']",False,True,"['bukhari_6146', 'bukhari_5789', 'bukhari_3405', 'bukhari_1130', 'bukhari_732', 'bukhari_1124', 'bukhari_4073', 'bukhari_6291', 'bukhari_7120', 'bukhari_836']","['bukhari_3238', 'bukhari_4926', 'bukhari_6214', 'bukhari_2472', 'bukhari_4954', 'bukhari_4925', 'bukhari_4952', 'bukhari_1835', 'bukhari_6048', 'bukhari_4']"
C1828,"নবী মুহাম্মদ (সা.) বলেছেন, যে ব্যক্তি দশবার ""আল্লাহ ছাড়া কোনো ইলাহ নেই, তিনি একক, তাঁরই রাজত্ব এবং প্রশংসা, তিনি জীবন দেন এবং মৃত্যু দেন, এবং তিনি সবকিছুর উপর ক্ষমতাশালী"" বলবে, তার জন্য চারটি ইসমাইলের বংশধরের মুক্তির সমান পুরস্কার হবে।","['muslim_6842', 'muslim_1343', 'muslim_1352', 'muslim_1338', 'muslim_6909']",False,True,"['muslim_2691', 'bukhari_1797', 'bukhari_6403', 'muslim_1708', 'bukhari_6385', 'bukhari_4116', 'bukhari_1409', 'bukhari_41', 'bukhari_7457', 'bukhari_3293']","['bukhari_4116', 'bukhari_1797', 'bukhari_2995', 'bukhari_3293', 'bukhari_7381', 'muslim_5601', 'bukhari_6328', 'muslim_1343', 'bukhari_835', 'muslim_849']"
C1837,"সুহাইল বলেছেন, তার পিতার জন্ম হয়েছে।","['muslim_3800', 'muslim_3799', 'muslim_4942', 'muslim_4482', 'muslim_7547']",False,True,"['bukhari_4056', 'bukhari_6750', 'bukhari_439', 'bukhari_5423', 'muslim_7030', 'bukhari_2219', 'muslim_2145', 'bukhari_4909', 'bukhari_3725', 'bukhari_4769']","['muslim_6653', 'muslim_2036', 'muslim_6136', 'muslim_6900', 'muslim_3799', 'bukhari_6681', 'bukhari_1898', 'bukhari_1527', 'muslim_2220', 'muslim_7192']"
C1848,"নবী মুহাম্মদ (সা.) কৃষি জমি ভাড়া দেওয়া থেকে নিষেধ করেছেন। আমি সালেমকে জিজ্ঞেস করলাম, তুমি কি জমি ভাড়া দাও? তিনি বললেন, হ্যাঁ, কারণ এতে আমার লাভ বেশি হয়।","['bukhari_4012', 'bukhari_4013', 'muslim_3940', 'muslim_3938', 'muslim_3944']",False,True,"['bukhari_2345', 'bukhari_2342', 'bukhari_2722', 'bukhari_2327', 'bukhari_2332', 'bukhari_2340', 'bukhari_2341', 'bukhari_2634', 'bukhari_2632', 'bukhari_2330']","['bukhari_4013', 'bukhari_4012', 'bukhari_2342', 'bukhari_2285', 'bukhari_2286', 'muslim_1546', 'bukhari_5850', 'bukhari_2330', 'bukhari_2499', 'bukhari_2345']"
C1855,"একজন আরবী এসে বললেন, ""হে রাসূলুল্লাহ, আমাদের মধ্যে আল্লাহর কিতাব অনুযায়ী বিচার করুন।"" তখন রাসূলুল্লাহ (সা.) বললেন, ""তোমার ছেলের জন্য শাস্তি হবে একশত বেত্রাঘাত এবং এক বছরের নির্বাসন, আর সেই মহিলাকে রেজম করা হবে।""","['bukhari_2695', 'bukhari_2696', 'bukhari_7193', 'bukhari_7194', 'bukhari_6835']",False,True,"['bukhari_6740', 'bukhari_6834', 'bukhari_6833', 'muslim_5855', 'bukhari_2649', 'bukhari_4018', 'bukhari_1817', 'bukhari_5886', 'bukhari_1249', 'bukhari_1250']","['bukhari_7194', 'bukhari_7193', 'bukhari_6836', 'bukhari_6835', 'bukhari_2695', 'bukhari_2696', 'muslim_6912', 'bukhari_7260', 'muslim_2603', 'bukhari_6710']"
C1861,"আমি শুনেছি যে, যে ব্যক্তি তার গরু বা মাঠে থাকাকালীন নামাজের জন্য আযান দেয়, তার আযান শুনে জিন, মানুষ এবং অন্যান্য সব কিছু তার পক্ষে কিয়ামতের দিন সাক্ষ্য দেবে।","['bukhari_609', 'bukhari_7548', 'bukhari_3296', 'muslim_2706', 'muslim_2290']",False,True,"['muslim_511', 'bukhari_4919', 'bukhari_6531', 'bukhari_3325', 'bukhari_4816', 'bukhari_7400', 'bukhari_5562', 'bukhari_3600', 'bukhari_430', 'bukhari_4718']","['bukhari_609', 'bukhari_3296', 'bukhari_7548', 'bukhari_2853', 'muslim_7211', 'muslim_5453', 'muslim_897', 'muslim_1957', 'bukhari_7111', 'muslim_3324']"
C1884,"রাসুলুল্লাহ (সা.) বলেছেন, আমার পরে তোমরা কাফির হয়ে ফিরে আসবে না।","['bukhari_6868', 'bukhari_7080', 'bukhari_6869', 'bukhari_7077', 'bukhari_4405']",True,False,"['bukhari_6868', 'bukhari_7079', 'bukhari_6764', 'bukhari_7077', 'bukhari_4109', 'bukhari_6630', 'bukhari_3120', 'bukhari_3028', 'bukhari_3027', 'bukhari_4781']","['bukhari_5731', 'bukhari_283', 'bukhari_3538', 'bukhari_2139', 'bukhari_5398', 'bukhari_5998', 'bukhari_585', 'bukhari_418', 'bukhari_7051', 'bukhari_106']"
C1897,"আমি শুনেছি যে, রাসূলুল্লাহ (সা.) বলেছেন, যখন কেউ নতুন জায়গায় পৌঁছায়, তাকে আল্লাহর পরিপূর্ণ কথাগুলোর আশ্রয় নিতে হবে যেন সৃষ্টির ক্ষতি থেকে রক্ষা পায়। যদি কেউ সন্ধ্যায় এই কথাগুলো বলে, তাহলে তাকে কিছুই ক্ষতি করতে পারবে না।","['muslim_6880', 'muslim_6879', 'muslim_6878', 'muslim_3487', 'muslim_7502']",False,True,"['bukhari_6415', 'muslim_2531', 'bukhari_2885', 'bukhari_5244', 'muslim_4969', 'bukhari_6361', 'bukhari_1145', 'muslim_382', 'bukhari_4636', 'bukhari_4938']","['muslim_6879', 'bukhari_450', 'bukhari_5747', 'bukhari_2817', 'bukhari_6930', 'bukhari_142', 'bukhari_129', 'bukhari_6625', 'bukhari_2795', 'bukhari_71']"
C1916,"আমি শুনেছি যে, আবদুল্লাহ বিন সালামকে জানানো হয়েছে যে তিনি জান্নাতের লোক। কিন্তু তিনি বলেছেন, এটা বলা উচিত নয় যেটা তাদের জানা নেই। তিনি একটি স্বপ্নের কথা বলেছেন যেখানে তিনি একটি সবুজ বাগানে একটি স্তম্ভ দেখেছেন এবং সেখানে একটি দড়ি ছিল। তিনি সেই দড়ি ধরে উঠেছিলেন এবং রাসূলুল্লাহ (সা.) বলেছেন যে আবদুল্লাহ মৃত্যুবরণ করবেন যখন তিনি সেই দড়ি ধরে থাকবেন।","['muslim_6382', 'bukhari_7010', 'muslim_6381', 'bukhari_3813', 'bukhari_7014']",False,True,"['muslim_2478', 'bukhari_5982', 'muslim_187', 'bukhari_4046', 'bukhari_6555', 'bukhari_3255', 'bukhari_7035', 'bukhari_7345', 'bukhari_1379', 'muslim_2825']","['bukhari_7010', 'bukhari_3057', 'bukhari_3056', 'bukhari_2345', 'bukhari_7014', 'bukhari_3033', 'muslim_3944', 'bukhari_7150', 'bukhari_131', 'bukhari_3226']"
C1926,"আমি শুনেছি, রাসূলুল্লাহ (সাল্লাল্লাহু আলাইহি ওয়া সাল্লাম) মক্কার কাবা মসজিদে ঘুমানোর সময় তিনজন ব্যক্তি তাঁর কাছে এসেছিলেন। সেই সময় তাঁর প্রতি ওহী আসার আগে এই ঘটনা ঘটেছিল।","['muslim_414', 'bukhari_3570', 'muslim_3745', 'muslim_1564', 'muslim_5704']",False,True,"['bukhari_697', 'muslim_162', 'bukhari_1627', 'bukhari_1815', 'bukhari_7008', 'bukhari_1764', 'bukhari_1164', 'bukhari_5042', 'bukhari_2885', 'bukhari_1547']","['bukhari_3570', 'bukhari_4791', 'muslim_4406', 'bukhari_3088', 'bukhari_6271', 'muslim_1657', 'bukhari_1603', 'bukhari_3087', 'bukhari_697', 'muslim_1676']"
C1952,"আবু তালহা শহরের সবচেয়ে ধনী আনসার ছিলেন এবং তাঁর সবচেয়ে প্রিয় সম্পদ ছিল একটি কূপ, যা মসজিদের দিকে মুখ করে ছিল। তিনি রাসূলুল্লাহকে বলেছিলেন যে, আল্লাহর নির্দেশ অনুযায়ী, তিনি তাঁর প্রিয় সম্পদটি আল্লাহর জন্য দান করতে চান এবং রাসূলুল্লাহ তাঁকে পরামর্শ দিয়েছিলেন যে, এটি তাঁর আত্মীয়দের মধ্যে বিতরণ করতে।","['bukhari_2318', 'muslim_2315', 'bukhari_1461', 'bukhari_4554', 'bukhari_2769']",False,True,"['bukhari_5356', 'bukhari_6442', 'bukhari_55', 'bukhari_1426', 'bukhari_5351', 'muslim_1056', 'bukhari_2748', 'bukhari_7088', 'bukhari_5985', 'bukhari_1419']","['bukhari_5611', 'bukhari_1461', 'bukhari_2769', 'bukhari_2318', 'bukhari_4554', 'bukhari_2758', 'bukhari_5970', 'bukhari_2904', 'muslim_2315', 'bukhari_3127']"
C1967,"আমি শুনেছি, রাসূলুল্লাহ (সাল্লাল্লাহু আলাইহি ওয়া সাল্লাম) বলেছেন যে, এক সময় আসবে যখন মানুষ তাদের আত্মীয়-স্বজনকে বলবে, ""আসো, সুখ-সমৃদ্ধির দিকে চল!"" কিন্তু তিনি বলেছেন, মদিনা তাদের জন্য ভালো, যদি তারা জানত। তিনি আরও বলেছেন, মদিনা যেমন খারাপকে দূরে সরিয়ে দেয়, তেমনই শেষ সময়ে মদিনা খারাপদের বের করে দেবে।","['muslim_3352', 'muslim_3318', 'muslim_3353', 'muslim_3364', 'bukhari_1871']",True,False,"['muslim_1381', 'bukhari_1871', 'bukhari_2897', 'bukhari_1874', 'bukhari_1804', 'bukhari_5985', 'bukhari_6372', 'bukhari_3594', 'bukhari_2892', 'bukhari_6415']","['bukhari_1875', 'bukhari_3600', 'bukhari_6495', 'bukhari_3928', 'bukhari_3647', 'bukhari_7067', 'bukhari_2584', 'bukhari_2583', 'muslim_3365', 'bukhari_2945']"
C1975,"রাসূলুল্লাহ (সা.) এবং আবু বকর ও উমর (রা.) এর সময়ে আমরা গম, বার্লি এবং খেজুরের উপর ঋণ দিতাম। ابن আবজি বলেছেন যে, তিনি একই কথা বলেছেন।","['bukhari_2242', 'bukhari_2243', 'muslim_7559', 'bukhari_2244', 'muslim_3415']",False,True,"['bukhari_2251', 'bukhari_6441', 'bukhari_1510', 'bukhari_2096', 'bukhari_2068', 'bukhari_5371', 'bukhari_1508', 'bukhari_2509', 'bukhari_2200', 'bukhari_336']","['bukhari_2243', 'bukhari_2242', 'bukhari_5601', 'muslim_3162', 'muslim_1249', 'muslim_906', 'bukhari_2344', 'bukhari_2343', 'muslim_6617', 'bukhari_957']"
