Comparison,k,Baseline,Proposed,Difference,95% CI Low,95% CI High
Translation vs Direct Bangla BM25,1,0.0,0.26369168356997974,0.26369168356997974,0.23529411764705882,0.29107505070993916
Translation vs Direct Bangla BM25,5,0.0010141987829614604,0.39858012170385393,0.3975659229208925,0.36612576064908725,0.4300202839756592
Translation vs Direct Bangla BM25,10,0.0030425963488843813,0.4421906693711968,0.4391480730223124,0.4077079107505071,0.4716024340770791
BGE-M3 vs Direct Bangla BM25,1,0.0,0.30831643002028397,0.30831643002028397,0.2789046653144016,0.33772819472616633
BGE-M3 vs Direct Bangla BM25,5,0.0010141987829614604,0.4462474645030426,0.44523326572008115,0.4147819472616633,0.47565922920892495
BGE-M3 vs Direct Bangla BM25,10,0.0030425963488843813,0.4787018255578093,0.47565922920892495,0.44419371196754565,0.5081135902636917
BGE-M3 vs Translation-Assisted BM25,1,0.26369168356997974,0.30831643002028397,0.04462474645030423,0.012145030425963464,0.07606490872210953
BGE-M3 vs Translation-Assisted BM25,5,0.39858012170385393,0.4462474645030426,0.04766734279918866,0.014198782961460432,0.0801217038539554
BGE-M3 vs Translation-Assisted BM25,10,0.4421906693711968,0.4787018255578093,0.03651115618661255,0.0020283975659229347,0.06795131845841784
