System,R@1,R@5,R@10,MRR
RRF English BM25 + LaBSE,0.41886409736308317,0.579107505070994,0.6135902636916836,0.4861264045848224
RRF English BM25 + BGE-M3,0.39046653144016225,0.5720081135902637,0.6004056795131846,0.46620987475449943
RRF English BM25 + mE5-Large,0.3691683569979716,0.5567951318458418,0.59026369168357,0.44868999323867476
English BM25,0.34787018255578095,0.5162271805273834,0.552738336713996,0.4172389645513378
LaBSE Direct Bangla,0.3448275862068966,0.5010141987829615,0.5496957403651116,0.412002962104382
BGE-M3 Direct Bangla,0.30831643002028397,0.4462474645030426,0.4787018255578093,0.3671701439196368
mE5-Large Direct Bangla,0.268762677484787,0.39858012170385393,0.45030425963488846,0.3259341092758943
MiniLM Direct Bangla,0.0,0.0,0.004056795131845842,0.0004998551144595769
Direct Bangla BM25,0.0,0.0010141987829614604,0.0030425963488843813,0.0005916159567275185
