Fusion,Dense component,k,RRF,English BM25,Dense,Best component,Gain over best component
RRF English BM25 + BGE-M3,BGE-M3 Direct Bangla,1,0.39046653144016225,0.34787018255578095,0.30831643002028397,0.46551724137931033,-0.07505070993914809
RRF English BM25 + BGE-M3,BGE-M3 Direct Bangla,5,0.5720081135902637,0.5162271805273834,0.4462474645030426,0.5963488843813387,-0.024340770791074995
RRF English BM25 + BGE-M3,BGE-M3 Direct Bangla,10,0.6004056795131846,0.552738336713996,0.4787018255578093,0.6196754563894523,-0.01926977687626774
RRF English BM25 + mE5-Large,mE5-Large Direct Bangla,1,0.3691683569979716,0.34787018255578095,0.268762677484787,0.4432048681541582,-0.07403651115618659
RRF English BM25 + mE5-Large,mE5-Large Direct Bangla,5,0.5567951318458418,0.5162271805273834,0.39858012170385393,0.5862068965517241,-0.02941176470588225
RRF English BM25 + mE5-Large,mE5-Large Direct Bangla,10,0.59026369168357,0.552738336713996,0.45030425963488846,0.6257606490872211,-0.03549695740365111
RRF English BM25 + LaBSE,LaBSE Direct Bangla,1,0.41886409736308317,0.34787018255578095,0.3448275862068966,0.4726166328600406,-0.05375253549695741
RRF English BM25 + LaBSE,LaBSE Direct Bangla,5,0.579107505070994,0.5162271805273834,0.5010141987829615,0.6054766734279919,-0.026369168356997985
RRF English BM25 + LaBSE,LaBSE Direct Bangla,10,0.6135902636916836,0.552738336713996,0.5496957403651116,0.6369168356997972,-0.02332657200811361
